{"url":"http://vietnamnet.vn/vn/tuanvietnam/cho-dua-cho-con-duong-gap-ghenh-409926.html","title":"Chỗ dựa cho con đường gập ghềnh","description":"Chuyến IL-76 của Bộ các tình trạng khẩn cấp chuyên chở hàng cứu trợ của Chính phủ và nhân dân Cộng hòa Liên bang Nga cho đồng bào vùng mưa bão Miền Trung vừa đáp xuống sân bay Cam Ranh ","time":"2017-11-09 00:00:00","content":" - Chuyến IL-76 của Bộ các tình trạng khẩn cấp chuyên chở hàng cứu trợ của Chính phủ và nhân dân Cộng hòa Liên bang Nga cho đồng bào vùng mưa bão Miền Trung vừa đáp xuống sân bay Cam Ranh  Những mối quan hệ bền chặt  dựa trên tình hữu nghị trong sáng luôn là chỗ dựa vững chắc cho chúng ta trên bước đường gập ghềnh đến tương lai thịnh vượng Lướt trên các trang báo điện tử tiếng Nga trong các ngày diễn ra mưa bão ở miền Trung vừa qua  tôi thấy nhiều tin chi tiết về diễn biến và những thiệt hại do mưa bão gây ra  Chứng tỏ công chúng và truyền thông Nga rất quan tâm tới những gì đang diễn ra ở đất nước bạn bè truyền thống Việt Nam  cũng có thể là do hàng vạn du khách Nga đang có kỳ nghỉ tại các thành phố di sản miền Trung  các bãi biển  vịnh được vinh danh đẹp nhất thế giới như bãi biển Non Nước  Mũi Né  vịnh Nha Trang …Chẳng vậy mà mấy hôm nay mọi người lại chộn rộn khi có tin Chính phủ và nhân dân Cộng hòa liên bang Nga hỗ trợ khẩn cấp cho đồng bào vùng thiên tai miền Trung do cơn bão số 12 gây ra  Vào lúc 1h36’ sáng ngày 8 tháng 11  Hãng thông tấn RIA Novosti của Nga đã đưa tin đích thân Tổng thống Vladimir Putin đã chỉ đạo Chính phủ Nga dành 5 triệu đô-la Mỹ hỗ trợ Việt Nam khắc phục hậu quả thiên tai và dẫn thông báo của Bộ tình trạng khẩn cấp của Nga về việc Bộ đã gửi 40 tấn hàng hóa bao gồm các lều bạt và thực phẩm cho đồng bào vùng bị ảnh hưởng thiên tai  RIA Novosti cũng cho biết là trong số 10-12 ngàn khách du lịch Nga ở Việt Nam vào thời điểm bão lụt  không có bất kỳ sự phàn nàn  kêu ca  hủy tour  hủy chuyến  khách sạn  hay thiệt hại gì theo đường giây nóng gửi về Cơ quan Du lịch Liên bang hay Trung tâm tình trạng khẩn cấp của Bộ Ngoại giao Nga Là một quốc gia với trên ba ngàn ki-lô-mét bờ biển  nhìn thẳng ra Biển Đông bao la  hàng năm nước ta phải hứng chịu hàng chục cơn bão hình thành từ ngoài khơi Thái Bình Dương  Chúng ta đã có nhiều kinh nghiệm ứng phó  phòng chống thiên tai  tuy nhiên  sức tàn phá của thiên nhiên là vô cùng ác liệt  Năm nào hầu như cũng có tổn thất nặng nề về nhân mạng và tài sản  Chúng ta cũng có hệ thống dự trữ quốc gia với hệ thống kho tàng dự trữ quốc gia với nhiều mặt hàng chiến lược để luôn sẵn sàng ứng phó khi xảy ra thiên tai  cứu hộ  cứu nạn  từ lều bạt  phao  thuyền cứu sinh đến thuốc sát trùng nước  thuốc phòng chống dịch bệnh  lương thực và cả hạt giống để phục hồi sản xuất sau thiên tai   Người Nga hay dùng câu ngạn ngữ “trong hoạn nạn mới biết rõ người bạn chân chính” cũng giống như ta thường nói “lúc khó khăn mới biết ai là bạn  lúc hoạn nạn mới hiểu bạn là ai” vậy  Âu rằng  sự giúp đỡ của Nga với đồng bào miền Trung trong thiên tai vừa qua cũng là lẽ thường tình của những người bạn chung thủy qua năm tháng  nhất là khi người đứng đầu Nhà nước Nga  Tổng thống Vladimir Putin sắp tới làm khách của nước chủ nhà  ngay đúng vùng tâm bão vừa qua  để dự diễn đa phương lớn nhất khu vực châu Á - Thái Bình Dương  APEC Trong dịp kỷ niệm 100 năm Cách mạng Tháng Mười Nga vĩ đại  tôi vừa có bài viết về tập thể nhỏ bé của các lưu học sinh Việt Nam ở Khoa dự bị đại học  Trường Tổng hợp Tashkent  Cộng hòa Uzbekistan  Liên Xô  khóa 1975-1976  Nhiều bạn học cùng khóa đã gửi tin nhắn  nhận xét tích cực về bài viết  khơi dậy những kỷ niệm về một thời mà Liên bang Xô-viết đã từng có những giúp đỡ hết sức chí tình  to lớn cho Việt Nam  Tôi chưa có dịp trở lại trường nhưng nhiều anh  chị đã làm được việc đó  Các anh  chị đã tìm đến được các thầy cô giáo cũ của mình để tri ân những nghĩa tình  kiến thức mà các thầy cô Xô-viết đã đem lại cho mình  Thầy trò gặp nhau không cuộc nào là không có cái ôm hôn thắm thiết và những giọt nước mắt tuôn trào vì mừng rỡ Trong những năm tháng chiến tranh hay bị cấm vận kinh tế vào những năm 80 của thế kỷ trước  Liên Xô luôn là chỗ dựa vững chắc cho Việt Nam  Hàng chục ngàn lưu học sinh đại học và thực tập sinh  nghiên cứu sinh sau đại học  hàng chục ngàn lao động đã từng sống và làm việc tại tất cả các nước Cộng hòa thuộc Liên bang Xô-viết  Tiếng Nga đã trở thành ngôn ngữ tương đối phổ biến lúc bấy giờ  Các cửa hàng sách ngoại văn tràn ngập sách văn học  khoa học và kỹ thuật của Nga  Chẳng cần phải là người học hay nghiên cứu về nước Nga nhưng người Việt Nam nào cũng nhớ tới tên của đại văn hào Lev Tolstoy  Dostoyevskii  Aitmatov  Paustovskii hay các đại thi sỹ Pushkin  Lermontov… mà tác phẩm của họ từng là những cuốn sách gối đầu giường của biết bao thế hệ người Việt Nam Khi mới tốt nghiệp kỹ sư tại Matxcơva về nước  tôi đã được tham gia xây dựng Cung văn hóa Hữu nghị Việt-Xô  công trình do Liên Xô giúp xây dựng và khánh thành vào năm 1985  nhân dịp kỷ niệm 68 năm Cách mạng Tháng Mười Nga  đến nay vẫn phát huy hiệu quả tích cực cùng với Thủy điện sông Đà  Nhiệt điện Phả Lại  Nhà máy Diezel Sông Công  Cầu Thăng Long  Bảo tàng Hồ Chí Minh… Hết thẩy là những công trình công nghiệp nặng  cơ khí  chế tạo động cơ  năng lượng và cả văn hóa hết sức quan trọng  không thể thiếu được đối với Việt Nam lúc đó Chuyến IL-76 của Bộ các tình trạng khẩn cấp chuyên chở hàng cứu trợ của Chính phủ và nhân dân Cộng hòa Liên bang Nga cho đồng bào vùng mưa bão Miền Trung hôm nay cũng là để tiếp nối những những tình cảm anh em nồng thắm và sự giúp đỡ hào hiệp đó Trần Văn  ĐBQH khóa XII  XIII  cựu sinh viên học ở Nga 1975-1981 "}