{"url":"http://vietnamnet.vn/vn/ban-doc/hoi-am/viet-kieu-dinh-cu-nuoc-ngoai-co-duoc-so-huu-nha-o-viet-nam-410026.html","title":"Việt kiều định cư nước ngoài có được sở hữu nhà ở Việt Nam","description":"Cháu đã làm giấy ủy quyền cho tôi ở và sử dụng căn nhà nói trên  nay muốn làm thủ tục đổi sang sổ hồng ","time":"2017-11-13 00:00:00","content":" - Năm 1992 cháu tôi mua một căn nhà tại TP  HCM và được cấp Giấy tờ Chủ Quyền  lúc bấy giờ gọi là “sổ trắng”  Năm 1997 cháu tôi xuất cảnh  định cư ở nước ngoài theo diện đoàn tụ gia đình  Cháu đã làm giấy ủy quyền cho tôi ở và sử dụng căn nhà nói trên  Nay cháu tôi vì công việc bận rộn nên tiếp tục làm giấy ủy quyền cho tôi tiến hành thủ tục với cơ quan chức năng  nhằm xin cấp đổi từ sổ trắng sang sổ hồng Xin luật sư tư vấn cho tôi thêm về thủ tục cũng như cháu tôi có được phép ủy quyền không hay buộc phải về Việt Nam  Cháu tôi đã mang quốc tịch nước ngoài thì có quyền sở hữu ngôi nhà đó không hay phải làm thế nào Thứ nhất  Điều kiện người Việt Nam định cư ở nước ngoài thuộc đối tượng sở hữu nhà ở tại Việt Nam Theo Khoản 3  Điều 3 Luật Quốc tịch Việt Nam năm 2008  người Việt Nam định cư ở nước ngoài là công dân Việt Nam  có quốc tịch Việt Nam  và người gốc Việt Nam  đã từng có quốc tịch Việt Nam  cư trú  sinh sống lâu dài ở nước ngoài Theo quy định tại Khoản 2  Điều 7 và Khoản 1; Điểm b  Khoản 2  Điều 8 Luật Nhà ở năm 2014  người Việt Nam định cư ở nước ngoài thuộc đối tượng được sở hữu nhà ở Việt Nam Điều kiện được công nhận quyền sở hữu nhà ở đối với người Việt Nam định cư ở nước ngoài là phải được phép nhập cảnh vào Việt Nam và phải có nhà ở hợp pháp thông qua hình thức mua  thuê mua nhà ở thương mại của doanh nghiệp  hợp tác xã kinh doanh bất động sản; mua  nhận tặng cho  nhận đổi  nhận thừa kế nhà ở của hộ gia đình  cá nhân; nhận chuyển nhượng quyền sử dụng đất ở trong dự án đầu tư xây dựng nhà ở thương mại được phép bán nền để tự tổ chức xây dựng nhà ở theo quy định của pháp luật Theo Khoản 2  Điều 5 Nghị định số 99 2015 NĐ-CP ngày 20 10 2015 của Chính phủ quy định chi tiết và hướng dẫn thi hành một số điều của Luật Nhà ở  đối với người Việt Nam định cư ở nước ngoài khi làm thủ tục cấp Giấy chứng nhận quyền sử dụng đất  quyền sở hữu nhà ở và tài sản khác gắn liền với đất thì phải có giấy tờ sau đây - Trường hợp mang hộ chiếu Việt Nam thì phải còn giá trị và có đóng dấu kiểm chứng nhập cảnh của cơ quan quản lý xuất  nhập cảnh Việt Nam vào hộ chiếu - Trường hợp mang hộ chiếu nước ngoài thì phải còn giá trị có đóng dấu kiểm chứng nhập cảnh của cơ quan quản lý xuất  nhập cảnh Việt Nam vào hộ chiếu và kèm theo giấy tờ chứng minh còn quốc tịch Việt Nam hoặc giấy tờ xác nhận là người gốc Việt Nam do Sở Tư pháp các tỉnh  thành phố trực thuộc trung ương  cơ quan đại diện Việt Nam ở nước ngoài  cơ quan quản lý về người Việt Nam ở nước ngoài cấp hoặc giấy tờ khác theo quy định của pháp luật Việt Nam Khoản 1  Điều 6 của Nghị định này quy định  đối với người Việt Nam định cư ở nước ngoài nếu không được nhập cảnh vào Việt Nam mà được tặng cho hoặc được thừa kế nhà ở tại Việt Nam thì không được công nhận quyền sở hữu nhà ở mà phải thực hiện quy định tại các Khoản 2  3  4 và 5 Điều 78 của Nghị định này Theo Điểm b  Khoản 2  Điều 119 Luật Nhà ở năm 2014  người Việt Nam định cư ở nước ngoài phải có đủ năng lực hành vi dân sự để thực hiện giao dịch về nhà ở  trong đó có giao dịch tặng cho nhà ở  theo quy định của pháp luật Việt Nam  phải thuộc đối tượng được sở hữu nhà ở tại Việt Nam theo quy định của Luật này và không bắt buộc phải có đăng ký tạm trú hoặc đăng ký thường trú tại nơi có nhà ở được giao dịch Về quyền sử dụng đất  Khoản 1 Điều 186 Luật Đất đai 2013 quy định  người Việt Nam định cư ở nước ngoài thuộc các đối tượng có quyền sở hữu nhà ở theo quy định của pháp luật về nhà ở thì có quyền sở hữu nhà ở gắn liền với quyền sử dụng đất ở tại Việt Nam Như vậy  nếu cháu bạn đủ điều kiện sở hữu nhà ở theo quy định của pháp luật thì bạn sẽ được cấp Giấy chứng nhận quyền sử dụng đất  quyền sở hữu nhà ở  Nếu cháu bạn không thuộc đối tượng được cấp Giấy chứng nhận nhà đất thì cháu bạn vẫn được định đoạt ngôi nhà như chuyển nhượng  tặng cho hoặc ủy quyền cho người trông nom Thứ hai  Thủ tục cấp đổi Giấy chứng nhận quyền sử dụng đất  quyền sở hữu nhà ở và tài sản khác gắn liền với đất Căn cứ Khoản 2 Điều 97 luật đất đai 2013 quy định “2  Giấy chứng nhận quyền sử dụng đất  Giấy chứng nhận quyền sở hữu nhà ở và quyền sử dụng đất ở  Giấy chứng nhận quyền sở hữu nhà ở  Giấy chứng nhận quyền sở hữu công trình xây dựng đã được cấp theo quy định của pháp luật về đất đai  pháp luật về nhà ở  pháp luật về xây dựng trước ngày 10 tháng 12 năm 2009 vẫn có giá trị pháp lý và không phải đổi sang Giấy chứng nhận quyền sử dụng đất  quyền sở hữu nhà ở và tài sản khác gắn liền với đất; trường hợp người đã được cấp Giấy chứng nhận trước ngày 10 tháng 12 năm 2009 có nhu cầu cấp đổi thì được đổi sang Giấy chứng nhận quyền sử dụng đất  quyền sở hữu nhà ở và tài sản khác gắn liền với đất theo quy định của Luật này ”Căn cứ Khoản 2 Điều 55 Luật Công chứng 2014 quy định  “Trong trường hợp bên ủy quyền và bên được ủy quyền không thể cùng đến một tổ chức hành nghề công chứng thì bên ủy quyền yêu cầu tổ chức hành nghề công chứng nơi họ cư trú công chứng hợp đồng ủy quyền; bên được ủy quyền yêu cầu tổ chức hành nghề công chứng nơi họ cư trú công chứng tiếp vào bản gốc hợp đồng ủy quyền này  hoàn tất thủ tục công chứng hợp đồng ủy quyền” Do đó  hợp đồng ủy quyền này cháu bạn có thể chứng thực giấy ủy quyền giao dịch liên quan đến thực hiện các quyền của người sử dụng đất theo quy định của Luật Đất đai tại Đại sứ quán; sau đó gửi về Việt Nam và bạn có thể tiếp tục yêu cầu tổ chức công chứng tại Việt Nam công chứng hợp đồng ủy quyền này  Hợp đồng ủy quyền có hiệu lực kể từ ngày bạn hoàn tất thủ tục công chứng tại Việt Nam và bạn sẽ thực hiện các thủ tục theo như phạm vi được ủy quyền Luật sư Phạm Thị Bích Hảo  Giám đốc Công ty luật TNHH Đức An  Thanh Xuân  Hà Nội Bạn đọc muốn gửi các câu hỏi thắc mắc về các vấn đề pháp luật  xin gửi về địa chỉ banbandoc@vietnamnet vn  Xin ghi rõ địa chỉ  số điện thoại để chúng tôi tiện liên hệ Ban Bạn đọc"}