{"url":"http://vietnamnet.vn/vn/the-gioi/the-gioi-do-day/mc-truyen-hinh-tq-ra-da-u-chie-n-tha-ng-o-noi-tai-na-n-tha-m-kho-c-411256.html","title":"MC truyền hình TQ ra dấu 'chiến thắng' ở nơi tai nạn thảm khốc","description":"Một nữ phóng viên khi đến đưa tin tại hiện trường tai nạn đã chụp ảnh khoe tấm thẻ nhà báo với vẻ mặt tươi cười và tay ra dấu chữ “chiến thắng  ","time":"2017-11-16 00:00:00","content":"Những hình ảnh khoe khoang không đúng chỗ của nữ phóng viên này đã lập tức gây nên phản ứng dữ dội trong cộng đồng mạng Hôm 15 11  trên tuyến đường cao tốc Trừ - Tân An Huy xảy ra vụ tai nạn giao thông thảm khốc  Do sương mù dày đặc nên hơn 30 tô tô đã đâm nhau liên hoàn khiến hàng chục chiếc bị phá hủy  18 người chết  21 người bị thương Tuy nhiên  một nữ phóng viên khi đến đưa tin tại hiện trường đã chụp ảnh khoe tấm thẻ nhà báo với vẻ mặt tươi cười và tay ra dấu chữ “chiến thắng   thậm chí còn rủ một cảnh sát đang làm việc tại hiện trường để chụp ảnh chung  rồi đem khoe trên trang mạng xã hội Theo Đông Phương  những hình ảnh khoe khoang không đúng chỗ của nữ phóng viên này đã lập tức gây nên phản ứng dữ dội trong cộng đồng mạng… Nhiều người đã truy lùng tung tích của cô này  phát hiện cô là phóng viên  MC của đài truyền hình địa phương Trước sức ép của dư luận  cô MC đã phải gỡ bỏ các bức ảnh phản cảm và thực hiện một video thừa nhận mình đã phạm sai lầm và công khai xin lỗi mọi người rồi đăng tải lên trang cá nhân Ngô Tuyết"}