{"url":"http://vietnamnet.vn/vn/ban-doc/chia-se/benh-nang-cha-me-ngheo-tinh-mang-cau-be-4-tuoi-mong-manh-lam-410213.html","title":"Bệnh nặng, cha mẹ nghèo, tính mạng cậu bé 4 tuổi mong manh lắm","description":"Hai vợ chồng chỉ có một đứa con duy nhất  Bất ngờ cậu con trai đổ bệnh  bao khó khăn dồn dập đến với họ  Vợ chồng đều thất nghiệp  công việc làm thuê bấp bênh  tính mạng của cậu bé không biết sẽ ra sao  ","time":"2017-11-15 00:00:00","content":" - Hai vợ chồng chỉ có một đứa con duy nhất  Bất ngờ cậu con trai đổ bệnh  bao khó khăn dồn dập đến với họ  Vợ chồng đều thất nghiệp  công việc làm thuê bấp bênh  tính mạng của cậu bé không biết sẽ ra sao  Cậu bé uống “no” thuốcCậu bé 5 tuổi Võ Trọng Tuấn  ở thôn Nhân Sơn  xã An Nghĩa  huyện Hoài Ân  tỉnh Bình Định  đang phải chống chọi với căn bệnh hiểm nghèo bướu nguyên bào thần kinh  Mỗi lần truyền hóa chất  sức khỏe của cậu bé suy kiệt vì bệnh và vì tác dụng phụ của hóa chất  Có lúc  trên đầu bé không còn một cọng tóc  miệng lở loét không thể nuốt nổi thìa cháo  Sau mỗi lần truyền thuốc khá vất vả như vậy  sức khỏe của bé lại khá lên một chút khiến cha mẹ lại thêm một tia hy vọng Theo phác đồ của bác sĩ bé sẽ phải truyền tới 16 toa thuốc  sau khi đó sẽ được kiểm tra lại  nếu bệnh lui sẽ được chuyển qua giai đoạn điều trị duy trì tái khám thưa dần từ 1-3 tháng lần Số tiền vợ chồng anh Võ Huy Cường và chị Nguyễn Thị Bích Thuyền dành dụm bao nhiêu năm cũng không đủ lo chi phí điều trị  Suốt nhiều tháng liền cha mẹ cứ phải thay nhau chăm sóc con  Thậm chí hai người phải bỏ hẳn công việc  ăn dầm nằm dề ở bệnh viện cùng con Bé Võ Trọng Tuấn vẫn đang cần tiền để điều trị để giữ tính mạng  trong khi gia đình chị Thuyền đã hết khả năng vay mượn Cha mẹ đang thất nghiệpChị Nguyễn Thị Bích Thuyền tâm sự  mẹ chị không lấy chồng  một thân một mình nuôi hai con  Kể từ lần đi phụ hồ bị ngã  bà nằm liệt một chỗ nhiều năm nay Em gái chị gánh trách nhiệm nuôi mẹ  Trước đây  chị thi thoảng cũng phụ chăm mẹ cùng em  Từ ngày con bệnh  không còn khả năng giúp đỡ  chị luôn cảm thấy có lỗi vì không thể lo được cho mẹ Khi con chưa phát hiện ung thư  hai vợ chồng ở quê  chồng cắt tóc vợ đi làm thuê  thu nhập đắp đổi qua ngày  Từ khi bé bị bệnh  do phải di chuyển nhiều  hai vợ chồng chuyển hẳn vào Bình Dương ở trọ để tiện việc chăm con  Anh Cường chăm con ở bệnh viện  chị Thuyền xin vào khu công nghiệp làm công nhân Làm được một thời gian  không hiểu sao tay chị thường xuyên tê  không thể làm được gì  Chị đành xin nghỉ ở nhà chăm con  đổi cho chồng đi làm hồ  Công việc xoay đổi liên tục  thu nhập giảm  họ luôn phải vay mượn để có tiền chữa bệnh “Ở quê vốn cuộc sống gia đình em vốn đã khó khăn  hai vợ chồng không dám sinh thêm con hy vọng chăm cho cháu được tốt  Thời gian cháu mới phát bệnh đi hết viện nọ viện kia cũng không tìm ra bệnh  tốn kém đủ đường  Tiền bạc có đồng nào ra đi hết  Khi tìm được bệnh  cần tiền chữa trị nhiều thì cha mẹ cứ phải thay nhau chăm sóc không làm ra tiền  Gia cảnh hai bên đều khó  vợ chồng phải năn nỉ vay từng đồng vì sợ bỏ không điều trị  con sẽ nguy kịch  Chúng em cố mãi  cố mãi giờ cố hết nổi rồi  Chẳng cha mẹ nào bỏ mặc con đâu nhưng mà hoàn cảnh hiện tại như vậy thì chúng em cũng không biết tính sao”  chị Nguyễn Thị Bích Thuyền giãi bày Đức Toàn"}