{"url":"http://vietnamnet.vn/vn/kinh-doanh/cuoi-tuan-sieu-uu-dai-tai-co-opmart-411324.html","title":"Cuối tuần siêu ưu đãi tại Co.opmart","description":"Theo hệ thống siêu thị Co opmart và Co opXtra  ba ngày cuối tuần này siêu thị sẽ đồng loạt giảm giá siêu ưu đãi cực mạnh cho hàng loạt sản phẩm  một số sản phẩm giá bán ra thấp hơn rất nhiều lần so với giá vốn ","time":"2017-11-16 00:00:00","content":"Theo hệ thống siêu thị Co opmart và Co opXtra  ba ngày cuối tuần này siêu thị sẽ đồng loạt giảm giá siêu ưu đãi cực mạnh cho hàng loạt sản phẩm  một số sản phẩm giá bán ra thấp hơn rất nhiều lần so với giá vốn Đặc biệt có trường hợp chỉ cần có trị giá hóa đơn 400 000đ  khách hàng được giảm đến 1 495 000đ khi mua nồi chiên không dầu Lock Lock Cụ thể  Thứ 6 ngày 17 11 2017  lốc 2 hộp cream đặc Ông Thọ xanh lá 380g  giá bán 37 000đ giảm giá 32 000 chỉ còn 5 000đ  2 hộp  lốc 10 gói Mì gấu đỏ vị gà sợi phở 64g giá bán 32 000đ giảm giá 30 000đ chỉ còn 2 000  10 gói  lốc 5 gói Bún riêu cua Vifon 80g giá bán 33 000đ giảm giá 31 000đ chỉ còn 2 000  5 gói  lốc 2 chai nước ngọt Pepsi 1 5 lít giá bán 28 400đ giảm giá 26 400đ chỉ còn 2 000 2 chai  Thứ 7 ngày 18 11 2017  bột giặt Tide hương Downy 5k giá bán 198 000đ giảm giá 86 000 chỉ còn 112 000 bịch  nước rửa chén Lix siêu sạch hương trà xanh 4kg giá bán 69 900đ giảm giá 40 900đ chỉ còn 29 000đ  khăn ướt Baby Nuna 100 miếng giá bán 36 800đ giảm giá 34 800đ chỉ còn 2 000 gói  sữa tắm Lifebuoy bảo vệ vượt trội túi 850g giá bán 114 000đ giảm giá 55 000đ chỉ còn 59 000đ  sữa tắm Enchanteur Charming 450g giá bán 112 000đ giảm giá 53 000đ chỉ còn 59 000 chai  dầu gội Pantene ngăn rụng tóc 670g giá bán 122 000đ giảm giá 52 000đ chỉ còn 70 000 chai  Chủ nhật ngày 19 11 2017  chảo xào không dính Supor 32cm giá bán 319 000đ giảm giá 120 000đ chỉ còn 199 000 cái  nồi chiên không dầu Lock Lock 1500 W giá bán 2 990 000đ giảm giá 1 495 000đ chỉ còn 1 495 000 cái  bộ lau nhà 360 độ Omega Mop giá bán 490 000đ giảm giá 271 000đ chỉ còn 219 000 bộ  bộ chăn drap gối bọc cotton 1 6x2 m Thắng Lợi giá bán 1 450 000đ giảm giá 551 000đ chỉ còn 899 000 bộ  dép nhựa 3 sọc giá bán 70 000đ giảm giá 20 100đ chỉ còn 49 900đ đôi  áo khoác thun nam giá bán 299 000đ giảm giá 140 000đ chỉ còn 159 000đ cái  bình lọc nước Matsu tròn 25 lít  giá bán 439 000đ giảm giá 140 000đ chỉ còn 299 000đ cái … Chi tiết chương trình xem tại siêu thị Vũ Ngọc Minh"}