{"url":"http://vietnamnet.vn/vn/giai-tri/thoi-trang/hoa-hau-my-linh-dien-bikini-dep-me-man-411314.html","title":"Hoa hậu Mỹ Linh diện bikini đẹp mê mẩn","description":"Rũ bỏ hình ảnh dịu dàng  thanh lịch thường ngày  Hoa hậu Mỹ Linh “lột xác” khoe hình thể nóng bỏng trong trang phục bikini ","time":"2017-11-16 00:00:00","content":" - Rũ bỏ hình ảnh dịu dàng  thanh lịch thường ngày  Hoa hậu Mỹ Linh “lột xác” khoe hình thể nóng bỏng trong trang phục bikini Lưu Hằng"}