{"url":"http://vietnamnet.vn/vn/cong-nghe/san-pham/galaxy-s9-s9-plus-se-ra-mat-vao-ngay-25-2-2018-411274.html","title":"Galaxy S9/S9 Plus sẽ ra mắt vào ngày 25/2/2018?","description":"Các thông tin rò rỉ mới nhất hé lộ  Samsung nhiều khả năng sẽ trình làng Galaxy S9 và Galaxy S9 Plus vào ngày 25 12 2018 ","time":"2017-11-16 00:00:00","content":"Các thông tin rò rỉ mới nhất hé lộ  Samsung nhiều khả năng sẽ trình làng bộ đôi điện thoại flagship thế hệ tiếp theo - Galaxy S9 và Galaxy S9 Plus vào ngày 25 12 2018 Thời điểm trình làng Galaxy S9 và Galaxy S9 Plus được ám chỉ là một trong các cuộc họp báo chính của Samsung tại Triển lãm di động toàn cầu MWC 2018  diễn ra từ ngày 26 2 đến 1 3 ở Barcelona  Tây Ban Nha  Các nguồn thạo tin cho biết  đại gia công nghệ Hàn Quốc dự định tổ chức buổi họp báo quan trọng vào ngày Chủ nhật trước đó  nên những người hâm mộ dòng smartphone Galaxy được khuyên nên chuẩn bị tinh thần tham gia sự kiện vào chiều ngày 25 2 Các đồn đoán trên cho thấy Samsung nhiều khả năng sẽ công bố Galaxy S9 và Galaxy S9 Plus sớm hơn so với bộ đôi thiết bị tiền nhiệm năm nay  Tuy nhiên  thực tế là  Samsung từng phải trì hoãn việc sản xuất Galaxy S8 và Galaxy S8 Plus để giải quyết vấn đề lỗi pin gây cháy nổ ở Galaxy Note 7  Điều đó dẫn đến việc hãng phải lùi thời điểm giới thiệu và mở bán các mẫu smartphone đầu bảng 2017 lần lượt vào tháng 3 và tháng 4 năm nay Căn cứ vào các lần ra mắt Galaxy S7 và Galaxy S6 trước đây  việc Galaxy S9 và Galaxy S9 Plus trình làng trước sự kiện MWC 2018 hoàn toàn hợp logic  Ngoài ra  nếu các đồn đoán là chính xác  thời điểm ra mắt của bộ đôi điện thoại flagship thế hệ mới này cũng xảy ra sau thời điểm trình làng và lên kệ của Galaxy Note 8 khoảng 6 tháng và trước Galaxy Note 9 cũng gần 6 tháng Theo những thông tin rò rỉ và đồn đoán gần đây  Galaxy S9 và Galaxy S9 Plus sẽ sử dụng vi xử lý mới Exynos 9810  RAM 4GB và chạy hệ điều hành Android 8 0  Samsung được tin sẽ trang bị cho các smartphone này tính năng nhận diện mặt  học lỏm của Apple iPhone X Tuấn Anh  theo Forbes "}