{"url":"http://vietnamnet.vn/vn/cong-nghe/san-pham/sieu-pham-dien-thoai-nap-gap-samsung-gia-hon-40-trieu-dong-411161.html","title":"Siêu phẩm điện thoại nắp gập Samsung giá hơn 40 triệu đồng","description":"Với mức giá này  mẫu máy nắp gập của Samsung còn đắt hơn cả Galaxy Note 8 hay Galaxy S8 ","time":"2017-11-16 00:00:00","content":"Với mức giá này  mẫu máy nắp gập của Samsung còn đắt hơn cả Galaxy Note 8 hay Galaxy S8 Samsung đang có ý định cho ra đời một chiếc smartphone nắp gập  Thông tin này đã được chia sẻ rộng rãi những ngày gần đây  Tuy vậy  nhà sản xuất đến từ Hàn Quốc chưa hề chính thức lên tiếng về sự tồn tại của mẫu điện thoại mới Những tin đồn cho thấy mẫu máy nắp gập này có tên mã SM-W2018  Ngay từ tên gọi  có thể đoán định rằng nếu tồn tại  máy sẽ được ra mắt vào năm 2018  Không phải là một sản phẩm tầm trung như dự đoán  SM-W2018 hướng đến phân khúc thị trường cao cấp SM-W2018 được cho là sẽ sử dụng chip xử lý Snapdragon 835 của Qualcomm  Máy có 6GB RAM  64GB bộ nhớ trong và pin với dung lượng 2 300 mAh  SM-W2018 được trang bị 2 camera với độ phân giải 12 Mpx và 5 Mpx Điểm đặc biệt của chiếc SM-W2018 là nó có tới 2 màn hình hiển thị  Cả hai màn hình này đều có chung kích thước 4 2 inch  Không nhiều mẫu điện thoại sở hữu hai màn hình với kích cỡ lớn như vậy Những tuyên bố gần đây cho thấy mẫu điện thoại nắp gập này có giá hơn 2 000 USD  Máy sẽ được bán ra với mức giá này tại thị trường Trung Quốc Tuấn Nghĩa Theo SamMobile "}