{"url":"http://vietnamnet.vn/vn/ban-doc/chia-se/ban-doc-ung-ho-cac-hoan-canh-kho-khan-10-ngay-dau-thang-11-2017-410899.html","title":"Bạn đọc ủng hộ các hoàn cảnh khó khăn 10 ngày đầu tháng 11/2017","description":"Trong 10 ngày đầu tháng 11 2017  Báo VietNamNet đã nhận được số tiền 240 810 009 đồng giúp đỡ các hoàn cảnh khó khăn được đăng trên VietNamNet của các cá nhân và đơn vị sau ","time":"11/16/2017 (GMT+7)","content":" - Trong 10 ngày đầu tháng 11 2017  Báo VietNamNet đã nhận được số tiền 240 810 009 đồng giúp đỡ các hoàn cảnh khó khăn được đăng trên VietNamNet của các cá nhân và đơn vị sau 1  Ủng hộ tại Ngân hàng Vietcombank2  Ủng hộ tại Ngân hàng Viettinbank3  Ủng hộ tại Báo VietNamNetBan Bạn đọc"}