{"url":"http://vietnamnet.vn/vn/giai-tri/phim/ve-dep-hut-hon-cua-dan-my-nhan-co-ba-sai-gon-411016.html","title":"Vẻ đẹp hút hồn của dàn mỹ nhân ‘Cô Ba Sài Gòn’","description":"Bên cạnh nội dung hay  “Cô Ba Sài Gòn” còn gây được thiện cảm với khán giả nhờ dàn diễn viên vô cùng xinh đẹp ","time":"2017-11-16 00:00:00","content":" - Bên cạnh nội dung hay  “Cô Ba Sài Gòn” còn gây được thiện cảm với khán giả nhờ dàn diễn viên vô cùng xinh đẹp  Ngô Thanh VânVẻ đẹp của Ngô Thanh Vân đã được khán giả biết đến từ lâu  Sở hữu một vóc dáng chuẩn người mẫu và gương mặt góc cạnh ấn tượng  nữ diễn viên sinh năm 1979 dễ dàng thu hút mọi ánh nhìn  Càng có tuổi  Ngô Thanh Vân càng toát lên thần thái sang trọng không trộn lẫn Diễm My 9xTừ khi mới bước chân vào nghề  Diễm My 9x đã nhận được nhiều sự quan tâm vì vẻ ngoài nổi bật  Mặc dù nhận được nhiều ý kiến trái chiều về diễn xuất  nhan sắc của Diễm My luôn được đa số khán giả công nhận  Những đường nét sắc xảo trên gương mặt tạo nên một Diễm My với vẻ đẹp kiêu sa  quyến rũ Ninh Dương Lan NgọcLan Ngọc đang dần chứng minh được thực lực của mình trong lĩnh vực điện ảnh  Bên cạnh những nỗ lực không ngừng nghỉ  vẻ ngoài xinh xắn  ưa nhìn của Lan Ngọc cũng một phần giúp cô nhận được nhiều sự yêu quý từ công chúng  Đôi mắt to  sáng cùng nụ cười rạng rỡ khiến nữ diễn viên 9X gây được thiện cảm với hầu hết khán giả Minh Thư"}