{"url":"http://vietnamnet.vn/vn/giai-tri/sach/khong-gian-mo-uoc-cua-cac-em-nho-lan-dau-xuat-hien-o-viet-nam-411119.html","title":"Không gian mơ ước của các em nhỏ lần đầu xuất hiện ở Việt Nam","description":"Lần đầu tiên tại Việt Nam  một thư viện cho thiếu nhi được xây dựng theo mô hình phức hợp vừa được hoàn thành tại Thư viện Quốc gia Việt Nam ","time":"2017-11-15 00:00:00","content":"Lần đầu tiên tại Việt Nam  một thư viện cho thiếu nhi được xây dựng theo mô hình phức hợp vừa được hoàn thành tại Thư viện Quốc gia Việt Nam Thư viện Văn hóa Thiếu nhi Việt Nam được xây dựng nhân kỷ niệm 25 năm thiết lập quan hệ ngoại giao giữa Việt Nam và Hàn Quốc và 100 năm thành lập Thư viện Quốc gia Việt Nam  Dự án do Quỹ Hỗ trợ hợp tác Văn hóa quốc tế Hàn Quốc thực hiện Thư viện được xây dựng trên tổng diện tích 240m2  cung cấp khoảng 2000 đầu sách  tài liệu đọc bằng tiếng Hàn  tiếng Việt  tiếng Anh Tại đây các em nhỏ không chỉ được đọc sách mà còn trau dồi kiến thức thông qua những trải nghiệm văn hóa của Việt Nam   Hàn Quốc đầy thú vị trong các không gian về âm nhạc  trò chơi  phòng chiếu phim; từ đó kích thích sự sáng tạo  ham tìm hiểu  xây dựng niềm vui và thói quen đọc sách Cây ước mơ  Dream Tree  được thiết kế trên nền tảng 2 cột trụ bê tông lớn của tòa nhà nhằm khơi gợi trí tưởng tượng  nuôi dưỡng ước mơ của các em thiếu nhi Đây là thư viện đầu tiên trên thế giới được xây dựng theo mô hình phức hợp  kết hợp không gian đọc sách  vui chơi  xem phim  trải nghiệm âm nhạc Ông YOON Kwang Shik - Tổng thư ký Quỹ Hỗ trợ Hợp tác Văn hóa Quốc tế Hàn Quốc  đơn vị thực hiện dự án thư viện này chia sẻ   Chúng tôi biết hiện nay ở Việt Nam thiếu không gian sinh hoạt văn hóa cho thiếu nhi  đặc biệt là thư viện  Câu chuyện đó tôi được nghe từ chính thủ thư của Thư viện Quốc gia  Dựa trên nhu cầu đó  chúng tôi đã lên ý tưởng cho không gian văn hóa này   Thường thì mọi người sẽ nghĩ thư viện chỉ để đọc sách nhưng chúng tôi hiểu với thiếu nhi thì các em cần nhiều hơn thế  Chính vì vậy chúng tôi có ý tưởng xây dựng một không gian phức hợp để các em vừa có thể đọc  nghe  xem và chơi   Ông YOON Kwang Shik nói Ông YOON Kwang Shik cho biết để chuẩn bị cho dự án này  ông đã tìm hiểu hệ thống thư viện  bảo tàng về mỹ thuật  thư viện nhạc cụ  thư viện sách báo cho thiếu nhi ở Hàn Quốc sau đó tập hợp tất cả các điểm mạnh  điểm cần học hỏi ở các mô hình trên để xây dựng kế hoạch riêng cho Thư viện văn hóa thiếu nhi Việt Nam  Tháng 5 2016 hoàn thành kế hoạch thì tháng 5 2017 đã khởi công và hoàn thành vào tháng 11 2017 Được biết các thư viện ở Hàn Quốc chỉ nghiêng về mặt đọc sách nhưng không mang tính tổng hợp  xem hình ảnh  trải nghiệm nhạc cụ hay cảm thụ âm nhạc như thư viện thiếu nhi ở Việt Nam  Do vậy đây là thư viện văn hóa thiếu nhi đầu tiên trên thế giới mang tính phức hợp với nhiều chức năng như thế này Để tiết kiệm chi phí  ông YOON Kwang Shik không chỉ vận dụng các mối quan hệ cá nhân mà còn tự tay lựa chọn và kiểm tra từng món đồ  thỏa thuận giá hợp lý để tiết kiệm chi phí nhiều nhất có thể  Ông YOON Kwang Shik mongThư viện văn hóa thiếu nhi Việt Nam sau khi khai trương ngày 16 11 sẽ trở thành địa chỉ yêu thích của các em nhỏ cũng như người dân Hà Nội  Ông cũng hy vọng mô hình này sẽ được nhân rộng ở Việt Nam trong tương lai Mỹ Anh"}