{"url":"http://vietnamnet.vn/vn/giai-tri/the-gioi-sao/lee-min-ho-va-suzy-bat-ngo-chia-tay-sau-2-nam-hen-ho-411304.html","title":"Lee Min Ho và Suzy bất ngờ chia tay sau 2 năm hẹn hò","description":"Sáng 16 11  Ilgan Sports cùng hàng loạt trang báo Hàn Quốc đưa tin Lee Min Ho và Suzy đã chia tay nhau sau 2 năm hẹn hò ","time":"2017-11-16 00:00:00","content":" Sáng 16 11  Ilgan Sports cùng hàng loạt trang báo Hàn Quốc đưa tin Lee Min Ho và Suzy đã chia tay nhau sau 2 năm hẹn hò Một trong những cặp đôi được yêu mến nhất của làng giải trí là Lee Min Ho - Suzy mới đây được cho là đã chia tay  Sáng 16 11 Thông tin được Ilgan Sports cùng hàng loạt trang báo Hàn Quốc chia sẻ thông tin trên Cả Lee Min Ho và Suzy đều chưa chính thức lên tiếng xác nhận  Phóng viên đã làm việc với công ty quản lý nữ ca sĩ Suzy - JYP entertainment  Phía đại diện công ty chỉ trả lời  “Chúng tôi vẫn đang tìm hiểu thêm về việc này   Trong khi đó  MYM Entertainment - công ty quản lý của nam tài tử Lee Min Ho cũng đưa ra thông tin tương tự Lee Min Ho và Suzy bị các tay săn ảnh ghi lại cảnh hẹn hò vào năm 2015  Cả hai sau đó đã chính thức xác nhận yêu nhau và thường xuyên sánh đôi trong các sự kiện giải trí  Lee Min Ho và Suzy đều sở hữu vẻ đẹp ấn tượng  được coi như những diễn viên  ca sĩ đẹp nhất Hàn Quốc Cặp đôi từng nhận được rất nhiều sự ủng hộ khi hẹn hò  fan cuồng cặp đôi bày tỏ sự tiếc nuối khi đọc được thông tin này Hà Thu - Mai Hương"}