{"url":"http://vietnamnet.vn/vn/phap-luat/ho-so-vu-an/nu-bac-si-bi-cuop-chem-thuong-tich-o-sai-gon-411152.html","title":"Nữ bác sĩ bị cướp chém thương tích ở Sài Gòn","description":"Nữ bác sĩ trên đường đi bộ từ nhà ra trạm xe buýt đón xe đi làm thì bị đối tượng lạ tấn công bằng hung khí nhằm cướp tài sản ","time":"2017-11-15 00:00:00","content":" - Nữ bác sĩ trên đường đi bộ từ nhà ra trạm xe buýt đón xe đi làm thì bị đối tượng lạ tấn công bằng hung khí nhằm cướp tài sản Hiện vụ cướp táo tợn nói trên đang được Công an Q 9 vào cuộc điều tra  truy xét Nạn nhân được xác định là bà A  SN 1944  ngụ Q 9   hành nghề bác sĩ và hiện đang làm tại 1 cơ sở y tế tư nhân ở Đồng Nai Đoạn đường bà A bị cướp tấn công  tương đối vắng vẻTheo lời bà A  khoảng 5h30 sáng 15 11 bà đi bộ từ nhà ở P Phước Long B  Q 9 nhằm ra trạm xe buýt ở xa lộ Hà Nội  đón xe đến nơi làm  Khi bà A đi bộ dọc con đường nhỏ  chỉ còn cách xa lộ Hà Nội vài chục mét thì bị 1 nam thanh niên đi xe gắn máy từ phía sau vụt lên  bất ngờ tùm tóc rồi dùng hung khí tấn công  chém nhiều nhát vào sau đầu  tay và giật lấy túi xách của bà Dù bị thương tích  bà A vẫn cố giằng co với kẻ cướp và truy hô  Nhiều người xung quanh nghe thấy chạy đến ứng cứu  Kẻ cướp vung chân đạp bà A ngã xuống đường rồi rồ ga tẩu thoát Nữ bác sĩ đang điều trị thương tích ở bệnh việnBà A được người dân đưa đi cấp cứu  hiện sức khỏe tương đối ổn định  Nhận tin báo  Công an Q 9 đã vào cuộc khám nghiệm hiện trường  lấy lời khai của bà A và các nhân chứng Được biết  đoạn đường mà bà A bị kẻ cướp tấn công  vào sáng sớm rất vắng vẻ  ít người qua lại Trước đây cũng tại con đường này  bà A đã từng 1 lần bị giật túi xách chứa tài sản cá nhân Linh An"}