{"url":"http://vietnamnet.vn/vn/cong-nghe/san-pham/samsung-lai-vo-tinh-xac-nhan-galaxy-a7-ram-6gb-ban-2018-411296.html","title":"Samsung lại vô tình xác nhận Galaxy A7 RAM 6GB bản 2018","description":"Sau Galaxy A5  Galaxy A7 phiên bản 2018 với nhiều cải tiến cũng đã được Samsung ngầm xác nhận ","time":"2017-11-16 00:00:00","content":"Sau Galaxy A5  Galaxy A7 phiên bản 2018 với nhiều cải tiến cũng đã được Samsung ngầm xác nhận Cách đây vài ngày  Samsung đã vô tình xác nhận sự tồn tại của chiếc Galaxy A5 phiên bản 2018  Lần này  mẫu điện thoại thứ 2 của dòng Galaxy A là chiếc Galaxy A7 cũng đã được xác nhận Theo đó  Samsung vừa vô tình cập nhật một thiết bị mới trên website  Thiết bị này có tên mã SM-A730F  Với việc Galaxy A7 bản 2016 có mã SM-A710 và bản 2017 có mã SM-A720  tên mã nói trên nhiều khả năng thuộc về Galaxy A7 bản 2018  Ngoài tên mã của thiết bị mới  website Samsung không đăng tải thêm bất cứ thông tin gì liên quan đến mẫu điện thoại này Theo đồn đoán  Galaxy A7 2018 sẽ sử dụng chip xử lý Exynos 7892 octa core 14nm với 2 lõi Cortex A53 và 6 lõi Cortex A57  Máy sẽ có 6GB RAM và sử dụng màn hình vô cực Infinity như trên Galaxy S8 Tuấn Nghĩa Theo Phonearena "}