{"url":"http://vietnamnet.vn/vn/hotface/uoc-mo-be-mon-cua-cau-be-bi-xuong-thuy-tinh-409774.html","title":"Ước mơ bé mọn của cậu bé bị xương thủy tinh","description":" Ngày em học lớp 10  xã đã đến nhà đo người em gửi lên trên tỉnh để họ làm cho em một chiếc xe lăn có động cơ giúp em thuận tiện hơn trong việc đi lại  Nhưng đến giờ em vẫn chưa nhận được      - Lê Đạt nói","time":"2017-11-09 00:00:00","content":""}