{"url":"http://vietnamnet.vn/vn/giai-tri/phim/ghet-thi-yeu-thoi-tap-22-xuat-hien-ke-thu-3-pha-dam-kim-va-du-411266.html","title":"'Ghét thì yêu thôi' tập 22: Xuất hiện kẻ thứ 3 phá đám Kim và Du","description":"Ở tập 22  Ghét thì yêu thôi   một cô bạn xinh đẹp đã tỏ thái độ dè bỉu và đặt câu hỏi nghi ngờ tình cảm nghiêm túc của Du khi anh chàng giới thiệu Kim là bạn gái  khiến cặp đôi mâu thuẫn ","time":"2017-11-16 00:00:00","content":""}