{"url":"http://vietnamnet.vn/vn/giao-duc/goc-phu-huynh/giao-vien-bat-can-3-tre-mam-non-an-bot-thong-cau-nhap-vien-411330.html","title":"Giáo viên bất cẩn, 3 trẻ mầm non ăn bột thông cầu nhập viện","description":"Cô giáo sơ ý khiến 3 cháu Trường Mầm non Nam Kim  xã Nam Kim  huyện Nam Đàn  Nghệ An  phải nhập viện cấp cứu vì ăn bột thông bồn cầu ","time":"11/16/2017 (GMT+7)","content":" - Cô giáo sơ ý khiến 3 cháu Trường Mầm non Nam Kim  xã Nam Kim  huyện Nam Đàn  Nghệ An  phải nhập viện cấp cứu vì ăn bột thông bồn cầu Hôm nay  bà Nguyễn Thị Vân - Hiệu trưởng Trường mầm non xã Nam Kim  huyên Nam Đàn  cho biết  tại điểm trường mầm non Mạnh San có 3 trẻ lớp 4 tuổi ăn phải bột thông hầm cầu dẫn đến nhập viện điều trị Thông tin ban đầu  sự việc xảy ra vào khoảng 16h ngày 14 11  tại điểm trường Mạnh San  Trường Mầm non Nam Kim  có 3 trẻ 4 tuổi ăn bột thông bồn cầu bao gồm  Phạm Thái Ng   Nguyễn Thị Y N  và Nguyễn Ngọc B Theo đó  tại điểm trường này bị tắc bồn cầu  kế toán lấy 2 gói bột thông cầu đưa xuống lớp  Cô giáo tiếp nhận rồi cất vào trong tủ  Lúc này  một trẻ muốn đi vệ sinh  cô giáo đưa vào nhà vệ sinh thì ở ngoài các trẻ mở gói thông bồn cầu chia nhau ăn Lúc giáo viên phát hiện đã báo cáo sự việc với Ban giám hiệu nhà trường và đưa các bé đến Trạm Y tế xã sơ cứu Riêng 2 cháu Y N  và Ngọc B  bị nặng hơn được chuyển xuống BV Sản Nhi Nghệ An cấp cứu  Sáng hôm sau  2 cháu được di chuyển ra BV Nhi Trung ương điều trị Ông Trịnh Xuân Hưng - Chủ tịch UBND xã Nam Kim  huyện Nam Đàn  cho biết  đây là sự việc ngoài mong muốn  phía xã  nhà trường đang cùng phối hợp với gia đình để hỗ trợ điều kiện tốt nhất để chăm sóc sức khỏe cho các cháu Hiện sức khỏe của các cháu đã qua giai đoạn nguy kịch  đang được các bác sỹ tiếp tục theo dõi Q Huy"}