{"url":"http://vietnamnet.vn/vn/kinh-doanh/tai-chinh/thu-truong-bi-cat-xe-cong-bo-truong-di-may-bay-hang-thuong-gia-411244.html","title":"Thứ trưởng bị cắt xe công, Bộ trưởng đi máy bay hạng thương gia","description":"Bộ Tài chính liên tục đưa ra lấy ý kiến về những khoản chi tiêu công  dự kiến chi phí cho xe công sẽ giảm mạnh  Chế độ tiếp khách VIP quốc tế cũng được xây dựng phù hợp với thực tiễn ","time":"2017-11-16 00:00:00","content":"Bộ Tài chính liên tục đưa ra lấy ý kiến về những khoản chi tiêu công thời gian tới của các bộ ngành  địa phương  Dự kiến  các khoản chi cho nuôi xe công sẽ giảm mạnh  Chế độ tiếp khách VIP quốc tế cũng được xây dựng phù hợp với thực tiễn Thứ trưởng  Chủ tịch tỉnh không có xe côngBộ Tài chính đang lấy ý kiến dự thảo quy định tiêu chuẩn  định mức sử dụng xe ô tô công Theo đó  các chức danh được sử dụng thường xuyên một xe ô tô trong thời gian công tác là Ủy viên Bộ Chính trị  Bí thư Ban Chấp hành Trung ương Đảng  Phó Chủ tịch nước  Phó Thủ tướng Chính phủ  Phó Chủ tịch Quốc hội  Chủ tịch Ủy ban Trung ương Mặt trận Tổ quốc Việt Nam  Chủ nhiệm Ủy ban Kiểm tra Trung ương  Chánh án Tòa án nhân dân tối cao  Viện trưởng Viện kiểm sát nhân dân tối cao  Bí thư Thành ủy Hà Nội  Bí thư Thành ủy TP HCM  các chức danh tương đương và các chức danh có hệ số lương khởi điểm từ 10 4 trở lên Các chức danh trên được sử dụng xe ô tô với giá mua tối đa 1 1 tỷ đồng xe Điểm đáng chú ý là  cấp Phó Trưởng ban của Đảng ở Trung ương  Thứ trưởng  Chủ tịch UBND tỉnh  Tổng cục trưởng  lãnh đạo tập đoàn     không thuộc diện được trang bị xe ô tô riêng  Thay vào đó  sẽ được khoán kinh phí đưa đón từ nơi ở đến nơi làm việc và ngược lại  Khi đi công tác thì được dùng xe phục vụ công tác chung Dự thảo Nghị định cũng siết lại việc trang bị  sử dụng xe công tại các cơ quan  đơn vị  Theo đó  số lượng xe các đơn vị Vụ  Cục  Tổng cục được trang bị đều giảm mạnh Cụ thể  các cục  vụ thuộc Bộ có 50 biên chế trở lên sẽ giảm số xe từ 2 xe đơn vị xuống còn 1 xe đơn vị  Nếu đơn vị nào có biên chế dưới 50 người thì 2 đơn vị mới được 1 xe Ở các địa phương  số lượng xe công cũng được thiết kế theo hướng giảm mạnh  nhiều đơn vị dùng chung 1 xe công Kế hoạch này nếu được thực thi sẽ góp phần giảm 42-62   có nghĩa giảm trung bình 10 ngàn xe ô tô công  căn cứ theo số liệu xe phục vụ công tác chung của năm 2015   Qua đó  ngân sách tiết kiệm được hàng nghìn tỷ đồng mỗi năm Dự thảo Nghị định cũng quy định chi tiết cách thức áp dụng khoán kinh phí sử dụng xe ô tô công để giảm lượng xe công  tiết kiệm ngân sách Quy định mức chi tiếp khách VIPBộ Tài chính đang lấy ý kiến dự thảo Thông tư Quy định chế độ tiếp khách nước ngoài vào làm việc tại Việt Nam  chế độ hội nghị  hội thảo quốc tế tại Việt Nam và chế độ tiếp khách trong nước  Thông tư này quy định chế độ tiếp khách nước ngoài vào làm việc tại Việt Nam và tiếp khách trong nước Theo đó  về thuê chỗ ở cho các khách nước ngoài làm việc  dự thảo quy định  Với khách hạng đặc biệt  tiêu chuẩn thuê phòng ở khách sạn do thủ trưởng cơ quan  đơn vị được giao nhiệm vụ đón tiếp phê duyệt Còn với Trưởng đoàn là khách hạng A  thì mức tối đa thuê phòng khách sạn là 5 5 triệu người ngày  Còn lại là Phó đoàn và đoàn viên thì từ 3 5-4 5 triệu ngày  Với đoàn khách hạng A  tiền ăn tối đa là 1 2 triệu đồng ngày người Với đoàn là khách hạng B  thì Trưởng đoàn  Phó đoàn được thu xếp ở phòng có mức giá tối đa 4 5 triệu đồng người ngày  còn đoàn viên được thuê phòng mức tối đa 2 8 triệu đồng người ngày  Tiền ăn cho các đoàn khách hạng B là tối đa 900 nghìn đồng ngày người Với đoàn khách hạng C thì trưởng đoàn được thu xếp ở phòng có mức giá tối đa 2 8 triệu đồng người ngày; các thành viên trong đoàn khác là 2 triệu đồng người ngày  Tiền ăn dành cho các đoàn khách hạng C là 700 nghìn đồng người ngày Mức chi ăn hàng ngày nêu trên bao gồm cả tiền đồ uống  rượu  bia  nước uống sản xuất tại Việt Nam  Bộ trưởng công cán  Bay hạng thương gia  khách sạn 2 5 triệu ngàyBộ Tài chính hồi tháng 5 2017 cũng ban hành Thông tư quy định chế độ công tác phí  chế độ chi tổ chức các cuộc hội nghị Theo đó  Bộ trưởng và các chức danh tương đương; Thứ trưởng và cán bộ lãnh đạo có hệ số phụ cấp chức vụ từ 1 3 trở lên; Phó trưởng các đoàn thể chính trị - xã hội ở TƯ; Bí thư Thường trực TƯ Đoàn đi máy bay được ngồi ghế hạng thương gia  Hạng ghế thường dành cho các đối tượng còn lại Cụ thể  đối với lãnh đạo cấp Bộ trưởng và các chức danh tương đương  Được thanh toán mức giá thuê phòng ngủ  2 500 000 đồng ngày phòng theo tiêu chuẩn một người phòng  không phân biệt nơi đến công tác Còn cấp Thứ trưởng  và tương đương  đi công tác tại các quận  thành phố thuộc thành phố trực thuộc trung ương và thành phố là đô thị loại I thuộc tỉnh thì được thanh toán mức giá thuê phòng ngủ là 1 200 000 đồng ngày phòng theo tiêu chuẩn một người phòng Đối với các đối tượng còn lại  được thanh toán mức giá thuê phòng ngủ là 1 000 000 đồng ngày phòng theo tiêu chuẩn 2 người phòng Đi công tác tại các vùng còn lại  Thứ trưởng và các chức danh lãnh đạo có hệ số phụ cấp chức vụ từ 1 25 đến 1 3 được thanh toán mức giá thuê phòng ngủ là 1 100 000 đồng ngày phòng theo tiêu chuẩn một người phòng Đối với các đối tượng còn lại  Được thanh toán mức giá thuê phòng ngủ là 700 000 đồng ngày phòng theo tiêu chuẩn 2 người phòng Hà Duy"}