{"url":"http://vietnamnet.vn/vn/the-gioi/the-gioi-do-day/nhen-khong-lo-bi-ong-bap-cay-ha-guc-chi-bang-1-cu-chich-411010.html","title":"Nhện 'khổng lồ' bị ong bắp cày hạ gục chỉ bằng 1 cú chích","description":"Ong bắp cày nổi tiếng là  sát thủ  của loài nhện tarantula với chỉ 1 cú chích là có thể hạ gục con nhện to gấp đôi mình ","time":"2017-11-16 00:00:00","content":"Ong bắp cày nổi tiếng là  sát thủ  của loài nhện tarantula với chỉ 1 cú chích là có thể hạ gục con nhện to gấp đôi mình Đoạn video được ghi lại tại sa mạc Sonoran  bang Arizona  Mỹ bởi Karen và Matthew Perry  đến từ Tuscon  Arizona  đang đi du lịch cùng các con Cash and Cadence Cậu con trai 9 tuổi của họ  Cash  đã phát hiện ra cuộc chiến giữa ong bắp cày và nhện tarantula  Cash cho biết  cậu không cảm thấy lo sợ bị ong đốt vì biết rằng nó đang quan tâm tới con nhện hơn Ong bắp cày thường săn nhện tarantula  sau đó kéo con mồi về hang  đẻ trứng vào bụng nhện  Khi trứng nở  ong con sẽ ăn thịt nhện tarantula cho đến khi trưởng thành trong thời gian khoảng một tháng H D  theo Mirror  CaterTV "}