{"url":"http://vietnamnet.vn/vn/phap-luat/gia-su-kiem-3-trieu-dong-ngay-295447.html","title":"Giả sư kiếm 3 triệu đồng/ngày","description":"Cạo trọc đầu  sắm  đồ nghề  để vào vai nhà sư  hai kẻ thất nghiệp dễ dàng nhét túi 3 triệu đồng ngày ","time":"03/22/2016 (GMT+7)","content":" - Cạo trọc đầu  sắm  đồ nghề  để vào vai nhà sư  hai kẻ thất nghiệp dễ dàng nhét túi 3 triệu đồng ngày Công an quận Long Biên  Hà Nội vừa khởi tố bị can Trần Văn Hải  SN 1971   và Nguyễn Văn Hữu  SN 1974  cùng quê Nghệ An  để điều tra hành vi Lừa đảo chiếm đoạt tài sản Bắt giữ Hải và Hữu  cơ quan công an tìm thấy 1 phong bì đựng 2 triệu đồng  bên ngoài ghi   Gia đình con Thi xin cung kính cúng dường   Tại Cơ quan Công an  Hải khai  là kẻ thất nghiệp  anh ta rủ Hữu ra Hà Nội tìm đường làm ăn  Cả hai cạo trọc đầu  mua 2 bộ quần áo nhà sư  làm giả “Giấy chứng nhận thọ giới”  mang tên Nguyễn Văn Dũng  Đạo Hiểu  Thông Trí  và in danh thiếp “Thích Thông Trí  Chùa Cao  địa chỉ Khối 5  thị trấn Phố Châu  huyện Hương Sơn  tỉnh Hà Tĩnh” Sắm đủ  đồ nghề   Hải và Hữu phóng xe máy đến Nam Định  Hải Phòng  tìm đến các nhà dân để xin tiền ủng hộ nhà chùa Theo lời khai của hai tên này  ngày nào xin được nhiều  cả hai đút túi 3 triệu đồng  ngày ít cũng được vài trăm nghìn đồng Vụ án đang được Công an quận Long Biên  HN điều tra mở rộng  Đề nghị ai là bị hại của 2 đối tượng trên  liên hệ với Công an quận Long Biên để trình báo  cung cấp thông tin T Nhung"}