{"url":"http://vietnamnet.vn/vn/ban-doc/hoi-am/kinh-doanh-dich-vu-bao-ve-co-la-va-kho-410660.html","title":"Kinh doanh dịch vụ bảo vệ: có lạ và khó?","description":"Tôi có dự định thành lập công ty kinh doanh dịch vụ bảo vệ cùng với vài người bạn  Mong luật sư cho biết điều kiện để thành lập công ty này có gì khó khăn không ","time":"2017-11-14 00:00:00","content":" - Tôi có dự định thành lập công ty kinh doanh dịch vụ bảo vệ cùng với vài người bạn  Mong luật sư cho biết điều kiện để thành lập công ty này có gì khó khăn không  Xin cảm ơn Quyền của doanh nghiệp theo quy định của Luật Doanh nghiệp được tự do kinh doanh trong những ngành  nghề mà luật không cấm  tự chủ kinh doanh và lựa chọn hình thức tổ chức kinh doanh; chủ động lựa chọn ngành  nghề  địa bàn  hình thức kinh doanh; chủ động điều chỉnh quy mô và ngành  nghề kinh doanh  Nghĩa vụ của doanh nghiệp đáp ứng đủ điều kiện kinh doanh khi kinh doanh ngành  nghề đầu tư kinh doanh có điều kiện theo quy định của Luật đầu tư và bảo đảm duy trì đủ điều kiện đầu tư kinh doanh đó trong suốt quá trình hoạt động kinh doanh Theo quy định tại Phụ lục 4 Danh mục ngành  nghề đầu tư kinh doanh có điều kiện  Ban hành kèm theo Luật số 03 2016 QH14 sửa đổi  bổ sung Điều 6 và Phụ lục 4 về Danh mục ngành  nghề đầu tư kinh doanh có điều kiện của Luật đầu tư  thì kinh doanh dịch vụ bảo vệ là ngành nghề kinh doanh có điều kiện Kinh doanh dịch vụ bảo vệ  gồm  Dịch vụ bảo vệ con người  tài sản  mục tiêu và các hoạt động hợp pháp của cơ quan  tổ chức  cá nhân Thứ nhất  Điều kiện đối với kinh doanh dịch vụ bảo vệ Theo đó  căn cứ quy định tại Điều 11 Nghị định 96 2016 NĐ-CP quy định Điều kiện về an ninh  trật tự đối với một số ngành  nghề đầu tư kinh doanh có điều kiện  cụ thể  Điều 11  Điều kiện về an ninh  trật tự đối với kinh doanh dịch vụ bảo vệ1  Là doanh nghiệp 2  Người chịu trách nhiệm về an ninh  trật tự của cơ sở kinh doanh dịch vụ bảo vệ phải có bằng tốt nghiệp từ cao đẳng trở lên và không phải là người chịu trách nhiệm về an ninh  trật tự của cơ sở kinh doanh dịch vụ bảo vệ mà trong 24 tháng liền kề trước đó đã bị thu hồi không có thời hạn Giấy chứng nhận đủ điều kiện về an ninh  trật tự  trừ quy định tại khoản 2 Điều 22 Nghị định này  Căn cứ theo quy định trên  thì doanh nghiệp cần tiến hành đăng ký kinh doanh có ngành nghề kinh doanh dịch vụ bảo vệ  sau đó đăng ký cấp Giấy chứng nhận đủ điều kiện về an ninh  trật tự của cơ sở kinh doanh Thứ hai  Hồ sơ cấp Giấy chứng nhận đủ điều kiện về an ninh trật tựHồ sơ bao gồm Văn bản đề nghị cấp Giấy chứng nhận đủ điều kiện về an ninh  trật tự của cơ sở kinh doanh  Mẫu số 03 tại Phụ lục ban hành kèm theo Nghị định này  - Giấy chứng nhận đăng ký kinh doanh  bản sao - Bản khai lý lịch  Mẫu số 02 tại Phụ lục ban hành kèm theo Nghị định này  kèm theo Phiếu lý lịch tư pháp hoặc Bản khai nhân sự  Mẫu số 02b tại Phụ lục ban hành kèm theo Nghị định này  của người chịu trách nhiệm về an ninh  trật tự của cơ sở kinh doanhĐối với cơ sở kinh doanh dịch vụ bảo vệ không có vốn đầu tư nước ngoài  phải có bản sao hợp lệ bằng tốt nghiệp chứng minh trình độ học vấn của người chịu trách nhiệm về an ninh  trật tự của cơ sở kinh doanh đứng tên trong Giấy chứng nhận đủ điều kiện về an ninh  trật tự Đối với cơ sở kinh doanh dịch vụ bảo vệ có chức năng đào tạo nhân viên dịch vụ bảo vệ  phải có giáo trình và chương trình đào tạo nhân viên dịch vụ bảo vệ Căn cứ theo quy định trên bạn tiến hành đăng ký doanh nghiệp sau đó đăng ký hoạt động kinh doanh các ngành  nghề đầu tư kinh doanh có điều kiện về an ninh  trật tự nếu đủ điều kiện quy định tại Nghị định này và chấp hành các quy định khác của pháp luật có liên quan đều được hoạt động kinh doanh và được cấp Giấy chứng nhận đủ điều kiện về an ninh  trật tự Luật sư Phạm Thị Bích Hảo  Giám đốc Công ty luật TNHH Đức An  Thanh Xuân  HN Bạn đọc muốn gửi các câu hỏi thắc mắc về các vấn đề pháp luật  xin gửi về địa chỉ banbandoc@vietnamnet vn  Xin ghi rõ địa chỉ  số điện thoại để chúng tôi tiện liên hệ Ban Bạn đọc"}