{"url":"http://vietnamnet.vn/vn/ban-doc/hoi-am/dat-ong-tho-cung-lam-an-thua-lo-chau-cung-xin-the-chap-410681.html","title":"Đất ông thờ cúng, làm ăn thua lỗ cháu cũng xin thế chấp","description":"Trước khi mất  ông nội cho tôi một mảnh đất dặn sau này dùng để xây nhà thờ cúng  Nay làm ăn khó khăn  tôi muốn thế chấp quyền sử dụng mảnh đất đó lấy chút vốn gỡ gạc rồi sẽ chuộc lại sau ","time":"2017-11-15 00:00:00","content":" - Trước khi mất  ông nội cho tôi một mảnh đất dặn sau này dùng để xây nhà thờ cúng  Nay làm ăn khó khăn  tôi muốn thế chấp quyền sử dụng mảnh đất đó lấy chút vốn gỡ gạc rồi sẽ chuộc lại sau  Xin hỏi thủ tục đăng ký biện pháp bảo đảm thế chấp quyền sử dụng đất như thế nào  Có thể đăng ký trực tuyến biện pháp bảo đảm được không  Đăng ký biện pháp bảo đảm là việc cơ quan đăng ký ghi vào sổ đăng ký hoặc nhập vào cơ sở dữ liệu về việc bên bảo đảm dùng tài sản để bảo đảm thực hiện nghĩa vụ đối với bên nhận bảo đảm Nghị Định 102 2017 NĐ- CP  Điều 4  Các trường hợp đăng ký1  Các biện pháp bảo đảm sau đây phải đăng ký a  Thế chấp quyền sử dụng đất;b  Thế chấp tài sản gắn liền với đất trong trường hợp tài sản đó đã được chứng nhận quyền sở hữu trên Giấy chứng nhận quyền sử dụng đất  quyền sở hữu nhà ở và tài sản khác gắn liền với đất;c  Cầm cố tàu bay  thế chấp tàu bay;d  Thế chấp tàu biển Hồ sơ đăng ký biện pháp bảo đảm được nộp theo một trong các phương thức sau đây  Qua hệ thống đăng ký trực tuyến; Nộp trực tiếp; Qua đường bưu điện; Qua thư điện tử trong trường hợp người yêu cầu đăng ký đã được cấp mã số sử dụng cơ sở dữ liệu về biện pháp bảo đảm  Cơ quan đăng ký  cung cấp thông tin về biện pháp bảo đảm có trách nhiệm giải quyết hồ sơ đăng ký  cung cấp thông tin trong ngày nhận hồ sơ hợp lệ; nếu nhận hồ sơ sau 15 giờ  thì hoàn thành việc đăng ký  cung cấp thông tin ngay trong ngày làm việc tiếp theo; trường hợp phải kéo dài thời gian giải quyết hồ sơ  thì cũng không quá 03 ngày làm việc Trường hợp nộp hồ sơ đăng ký biện pháp bảo đảm bằng quyền sử dụng đất  tài sản gắn liền với đất tại Ủy ban nhân dân xã  phường  thị trấn  sau đây gọi chung là Ủy ban nhân dân cấp xã  hoặc nộp hồ sơ tại Bộ phận tiếp nhận và trả kết quả theo cơ chế một cửa  thì thời hạn giải quyết hồ sơ đăng ký được tính từ ngày Văn phòng đăng ký đất đai nhận hồ sơ do Ủy ban nhân dân cấp xã hoặc do Bộ phận tiếp nhận và trả kết quả theo cơ chế một cửa chuyển đến Điều 39  Hồ sơ đăng ký thế chấp quyền sử dụng đất  tài sản gắn liền với đấtNgười yêu cầu đăng ký nộp 01 bộ hồ sơ đăng ký thế chấp quyền sử dụng đất hoặc đăng ký thế chấp quyền sử dụng đất đồng thời với tài sản gắn liền với đất hoặc đăng ký thế chấp tài sản gắn liền với đất sau đây 1  Phiếu yêu cầu đăng ký  01 bản chính ;2  Hợp đồng thế chấp hoặc hợp đồng thế chấp có công chứng  chứng thực trong trường hợp pháp luật quy định  01 bản chính hoặc 01 bản sao có chứng thực ;3  Bản chính Giấy chứng nhận quyền sử dụng đất  quyền sở hữu nhà ở và tài sản khác gắn liền với đất hoặc một trong các loại giấy chứng nhận quy định tại khoản 2 Điều 97 của Luật đất đai  sau đây gọi chung là Giấy chứng nhận ;5  Văn bản thỏa thuận có công chứng  chứng thực giữa người sử dụng đất và chủ sở hữu tài sản gắn liền với đất về việc tạo lập tài sản gắn liền với đất trong trường hợp thế chấp tài sản gắn liền với đất mà người sử dụng đất không đồng thời là chủ sở hữu tài sản gắn liền với đất  01 bản chính hoặc 01 bản sao có chứng thực hoặc 01 bản sao không có chứng thực kèm bản chính để đối chiếu ;6  Giấy tờ chứng minh trong các trường hợp sau đây a  Văn bản ủy quyền trong trường hợp người yêu cầu đăng ký là người được ủy quyền  01 bản chính hoặc 01 bản sao có chứng thực hoặc 01 bản sao không có chứng thực kèm bản chính để đối chiếu ;b  Một trong các loại giấy tờ chứng minh thuộc đối tượng không phải nộp phí khi thực hiện đăng ký biện pháp bảo đảm theo quy định tại Điều 12 của Nghị định này Về thủ tục đăng ký trực tuyến biện pháp bảo đảm Cá nhân  pháp nhân  hộ gia đình có quyền lựa chọn phương thức đăng ký trực tuyến biện pháp bảo đảm khi hệ thống đăng ký trực tuyến chính thức vận hành Yêu cầu đăng ký trực tuyến phải kê khai đầy đủ  chính xác các nội dung thuộc diện phải kê khai trên giao diện của hệ thống đăng ký trực tuyến Việc đăng ký trực tuyến biện pháp bảo đảm được thực hiện theo thủ tục sau đây 1  Người yêu cầu đăng ký sử dụng mã số sử dụng cơ sở dữ liệu về biện pháp bảo đảm  tài khoản đăng ký trực tuyến đã được cấp truy cập vào hệ thống đăng ký trực tuyến biện pháp bảo đảm để kê khai nội dung đăng ký trên giao diện đăng ký trực tuyến;2  Hệ thống đăng ký trực tuyến xác nhận kết quả đăng ký biện pháp bảo đảm cho người yêu cầu đăng ký trên giao diện của hệ thống đăng ký trực tuyến;3  Cơ quan đăng ký gửi 01 văn bản chứng nhận đăng ký biện pháp bảo đảm có xác nhận của cơ quan đăng ký đến người yêu cầu đăng ký theo một trong các phương thức quy định tại Điều 17 của Nghị định này Cơ quan có thẩm quyền đăng ký  cung cấp thông tin về biện pháp bảo đảm Chi nhánh Văn phòng đăng ký đất đai và Văn phòng đăng ký đất đai trực thuộc Sở Tài nguyên và Môi trường  sau đây gọi chung là Văn phòng đăng ký đất đai  thực hiện đăng ký  cung cấp thông tin về biện pháp bảo đảm bằng quyền sử dụng đất  tài sản gắn liền với đất Luật sư Phạm Thị Bích Hảo  Giám đốc Công ty luật TNHH Đức An  Thanh Xuân  Hà Nội Bạn đọc muốn gửi các câu hỏi thắc mắc về các vấn đề pháp luật  xin gửi về địa chỉ banbandoc@vietnamnet vn  Xin ghi rõ địa chỉ  số điện thoại để chúng tôi tiện liên hệ Ban Bạn đọc"}