{"url":"http://vietnamnet.vn/vn/the-gioi/jong-un-moi-sao-bong-bau-duc-anh-toi-trieu-tien-411365.html","title":"Jong Un mời 'sao' bóng bầu dục Anh tới Triều Tiên","description":"Nhà lãnh đạo Triều Tiên Kim Jong Un đang tìm cách mời ngôi sao bóng bầu dục Anh Jonny May tới Bình Nhưỡng để tham dự một cuộc gặp cấp cao với các quan chức nước này ","time":"2017-11-16 00:00:00","content":"Nhà lãnh đạo Triều Tiên Kim Jong Un đang tìm cách mời ngôi sao bóng bầu dục Anh Jonny May tới Bình Nhưỡng tham dự một cuộc gặp cấp cao với các quan chức nước này Theo The Sun  lời mời trên được đưa ra sau khi Jonny May tuyên bố anh có thể  khắc phục tình hình  trên bán đảo Triều Tiên trong một cuộc phỏng vấn vào đầu năm nay  Con át chủ bài  của đội Leicester Tigers bắt đầu quan tâm tới chính trị trong khu vực và nghiên cứu những tài liệu về Triều Tiên trong lúc tham dự giải đấu Six Nations Sau khi biết được thông tin này  Bình Nhưỡng đã mời Jonny May và đồng đội của anh là Ben Te o tới thăm Triều Tiên  Tôi trở về Gloucester và nhận được bức thư  tuyệt mật này    Jonny nói với Daily Mail   Tôi vẫn chưa tới đại sứ quán  Tôi thực sự lo lắng về điều này và cũng chưa hồi âm  Trước Jonny  cựu ngôi sao bóng rổ Mỹ Dennis Rodman cũng đã được mời tới Triều Tiên và trở thành khách VIP của nhà lãnh đạo Kim Jong Un Sầm Hoa "}