{"url":"http://vietnamnet.vn/vn/kinh-doanh/thi-truong/kho-ruou-ngoai-hang-chuc-nghin-chai-nghi-van-dung-tem-gia-409450.html","title":"Kho rượu ngoại hàng chục nghìn chai, nghi vấn dùng tem giả","description":"Đội Quản lý thị trường số 4A vừa tiến hành tạm giữ toàn bộ hàng hóa là rượu sử dụng tem rượu trong nước có dấu hiệu giả mạo","time":"2017-07-11 00:00:00","content":" Mới đây  Đội Quản lý thị trường số 4A thuộc Chi cục Quản lý thị trường TP Hồ Chí Minh phối hợp với Công an xã Vĩnh Lộc B  huyện Bình Chánh tiến hành kiểm tra Chi nhánh Công ty TNHH sản xuất thương mại SPT  số F3 15 8 Lại Hùng Cường  xã Vĩnh Lộc B  huyện Bình Chánh  TP  Hồ Chí Minh  do ông Lê Đức Giảng là người quản lý chi nhánh Tại đây  Đội Quản lý thị trường số 4A tiến hành tạm giữ toàn bộ hàng hóa là rượu sử dụng tem rượu trong nước có dấu hiệu giả mạo  gồm  48 chai Rượu WHISKY XO  300 chai Rượu WHISKY GOLDEN LABEL  696 chai Rượu WHISKY  1 584 chai Rượu Rhum dứa Cocktail  612 chai Rượu Rhum Cocoa  1 188 chai Rượu Rhum xoài  Tổng cộng 3 788 chai  ước tính tổng trị giá hơn 67 triệu đồng Đại diện Công ty có xuất trình giấy chứng nhận đăng ký doanh nghiệp  giấy chứng nhận đăng ký chi nhánh do Sở Kế hoạch và Đầu tư TP  Hồ Chí Minh cấp; giấy chứng nhận cơ sở đủ điều kiện an toàn thực phẩm; các phiếu kết quả kiểm nghiệm do Viện Y tế công cộng TP  Hồ Chí Minh chứng nhận; giấy xác nhận công bố phù hợp quy định an toàn vệ sinh thực phẩm; và bản công bố hợp quy của Công ty TNHH sản xuất thương mại SPT Đội Quản lý thị trường số 4A chỉ chuyển về kho tang vật Chi cục Quản lý thị trường mỗi loại rượu trên là 3 thùng làm mẫu để làm rõ xử lý theo quy định  số rượu còn lại yêu cầu Công ty TNHH sản xuất thương mại SPT không được xuất bán  di dời trước khi có kết quả xử lý  Ngoài ra đơn vị còn tạm giữ 280 cái tem rượu trong nước  ký hiệu TR01T TEM RƯỢU  SXTN  = 200  AA15P không có số seri Trước đó  Đoàn kiểm tra cũng đã tiến hành kiểm tra một Chi nhánh khác của Công ty TNHH sản xuất thương mại SPT  số 33 đường Đô Đốc Thủ  phường Tân Quý  quận Tân Phú  TP  Hồ Chí Minh Qua kiểm tra hàng hóa thực tế  Đội Quản lý thị trường số 4A phát hiện mặt hàng rượu có xuất xứ Việt Nam  do Công ty TNHH HAVA sản xuất  không có dán tem rượu theo quy định  cụ thể  1 728 chai Rượu bông lúa vàng nếp mới  1 536 chai Rượu chuối hột  840 chai Rượu rhum MAXIME  Ngoài ra còn có 1 596 chai rượu champagne SPAKKING WINE do Công ty TNHH SX TM SPT sản xuất sử dụng tem giả Tiếp tục kiểm tra Chi nhánh Công ty TNHH Thương mại HAVA có địa chỉ tại 552 18 Đường Quốc lộ 1A  Phường Bình Hưng Hòa B  Quận Bình Tân  thành phố Hồ Chí Minh  do ông Hà Tuấn Văn quản lý  Đoàn kiểm tra phát hiện tại chi nhánh đang chứa trữ 80 750 chai rượu công nghiệp các loại do Công ty TNHH Thương mại HAVA sản xuất  và 3 404 tem rượu sản xuất trong nước ≥ 20 độ Công ty TNHH Thương mại HAVA không xuất trình được giấy chứng nhận đủ điều kiện vệ sinh an toàn thực phẩm  bản công bố tiêu chuẩn sản phẩm cùa công ty Đội quản lý thị trường 4A ban hành Quyết định tạm giữ đối với tem rượu có dấu hiệu giả  và sử dụng tem rượu giả gồm 31 980 chai rượu có dán tem rượu các loại 500ml  750ml  300ml  700ml  29  vol  39  vol và 3 404 tem rượu sản xuất trong nước ≥ 20 độ  Đối với số hàng hóa còn lại gồm 48 770 chai rượu không dán tem rượu do Công ty TNHH thương mại HAVA sản xuất Đội quản lý thị trường 4A giao cho công ty có trách nhiệm bảo quản không được di dời xuất bán chờ làm rõ theo quy địnhH Nam"}