{"url":"http://vietnamnet.vn/vn/thoi-su/tap-chi-dien-tu-luat-su-bi-phat-30-trieu-dong-411403.html","title":"Tạp chí điện tử Luật sư bị phạt 30 triệu đồng","description":"Bộ TT TT vừa quyết định xử phạt hành chính 30 triệu đồng đối với Tạp chí điện tử Luật sư ","time":"2017-11-16 00:00:00","content":" - Bộ TT TT vừa quyết định xử phạt hành chính 30 triệu đồng đối với Tạp chí điện tử Luật sư Theo quyết định xử phạt  Tạp chí điện tử Luật sư đã có hành vi vi phạm hành chính  Thực hiện không đúng tôn chỉ  mục đích ghi trong giấy phép hoạt động báo chí  quy định tại điểm d khoản 3 điều 5 Nghị định 159 2013 NĐ-CP của Chính phủ quy định xử phạt vi phạm hành chính trong hoạt động báo chí  xuất bản Tạp chí điện tử Luật sư bị xử phạt 30 triệu đồng  Đồng thời  phải chấp hành nghiêm chỉnh quyết định xử phạt  nếu không chấp hành sẽ bị cưỡng chế thi hành Trần Thường"}