{"url":"http://vietnamnet.vn/vn/thoi-su/hoang-loan-phat-hien-chi-gai-chet-trong-tu-the-treo-co-411421.html","title":"Hoảng loạn phát hiện chị gái chết trong tư thế treo cổ","description":"Đi về nhà trọ  em trai nhìn qua khe cửa  hoảng loạn phát hiện chị gái chết trong tư thế treo cổ  lơ lửng trên không…","time":"2017-11-16 00:00:00","content":"- Đi về nhà trọ  em trai nhìn qua khe cửa  hoảng loạn phát hiện chị gái chết trong tư thế treo cổ  lơ lửng trên không…Sự việc xảy chiều nay  tại căn nhà trọ nằm trong hẻm 116  đường số 17  phường Linh Trung  quận Thủ Đức  TPHCM   Nạn nhân là chị Nguyễn Thị Hoa  24 tuổi  quê Bình Định  Xe cứu thương đến đưa thi thể chị Hoa đi khám nghiệmKhoảng 16h  người em trai của chị Hoa đi về nhà trọ thì phát hiện căn phòng khóa trái bên trong Gõ cửa nhiều lần không thấy chị gái trả lời nên người em nhìn qua khe cửa thì hoảng loạn phát hiện chị mình đang treo cổ lơ lửng trên không…Sau đó  người em hô hoán cho người dân xung quanh đến phá cửa vào kiểm tra thì phát hiện chị Hoa đã tử vong Công an quận Thủ Đức có mặt phong tỏa hiện trường  điều tra làm rõ vụ việc  Thi thể nạn nhân được chuyển đi khám nghiệm  xác định nguyên nhân Được biết chị Hoa thuê trọ ở cùng hai người em  Nạn nhân làm công nhân trong công ty may gần đó Thảo Nguyên"}