{"url":"http://vietnamnet.vn/vn/thoi-su/ket-luan-vu-10-canh-sat-bi-nghi-phoi-nhiem-hiv-khi-bat-doi-tuong-ngao-da-411398.html","title":"Kết luận vụ 10 Cảnh sát bị nghi phơi nhiễm HIV khi bắt đối tượng ngáo đá","description":"Kết quả kiểm tra nhanh kẻ nghiện ma túy đá cố thủ trên nóc chùa An Phú  quân 8  TP Hồ Chí Minh   cho thấy âm tính với HIV làm 10 chiến sĩ bị thương trong quá trình giải cứu thở phào nhẹ nhõm ","time":"2017-11-16 00:00:00","content":" - Kết quả kiểm tra nhanh Võ Thanh Hoài  26 tuổi  quê Kiên Giang  người nghiện ma túy đá cố thủ trên nóc chùa An Phú còn gọi là chùa Miểng Sành  phường 10  quân 8  TP Hồ Chí Minh  gần 10 giờ đồng hồ cho thấy Hoài âm tính với HIV làm 10 chiến sĩ bị thương trong quá trình giải cứu thở phào nhẹ nhõm  Ngày 16 11  Công an phường 8  quận 10 cho biết  Công an quận 8 đã hoàn tất hồ sơ chuyển giao Võ Hoài Thanh  26 tuổi  quê Kiên Giang  cho Trung tâm xã Hội Thanh Thiếu niên 2  Củ Chi  để cai nghiện ma túy theo dạng bắt buộc Trước đó Thanh Hoài là đối tượng nghiện ma túy đá nặng  Ngày 14-11  Hoài từ Rạch Giá  Kiên Giang  bắt xe đò lên TP Hồ Chí Minh tụ tập với một số con nghiện sử dụng ma túy  Sau khi ngấm thuốc Hoài lang thang trên đường Chánh Hưng và gỏ cửa từng nhà xin ngủ nhờ Hoài biểu hiện ảo giác và luôn miệng cho rằng mình bị người khác truy đuổi sát hại nên người dân đã không cho Hoài tá túc Hoài chạy vào trong chùa An Phú  còn gọi là chùa Miểng Sành  phường 10  quận 8  phá phách rồi leo lên nóc chùa cố thủ Lang thang trên nóc chùa rồi leo lên tít ngọn tháp rồi lại tụt xuống khiến nhiều người lo lắng cho tính mạng của Hoài nếu không may xảy ra sự cố Công an phường 10   quận 8  đội cứu nạn cứu hộ Phòng Cảnh sát PCCC quận 8 đã điều động người và phương tiện xuống hiện trường kêu gọi  vận động Hoài rời khỏi nóc chùa nhưng bất thành Trên nóc chùa Hoài chửi bới và thu gom cây gỗ  thanh sắt chất thành đống và sẵn sáng ném xuống đám đông phía dưới  Sau gần 10 giờ thuyết phục bất thanh  15 cán bộ chiến sĩ cứu hộ đã chia thành nhiều hướng áp sát và khống chế Hoài Hoài dùng gậy sắt và thanh gỗ tấn công tổ cứu nạn cứu hộ khiến 10 chiến sĩ bị thương  trầy xước  Khi khống chế được Hoài đưa về trụ sở  Hoài khai bị nhiễm HIV  Từ lời khai này  Công an phường 10  quận 8 đã kiểm tra nhanh Hoài Kết quả cho thấy Hoài âm tính với HIV  Từ kết quà này 10 cán bộ chiến sĩ bị thương thở phào nhẹ nhõm và không phải điều trị phơi nhiễm Theo CAND"}