{"url":"http://vietnamnet.vn/vn/kinh-doanh/da-dang-hoa-san-pham-dich-vu-tren-nen-tang-cong-nghe-411343.html","title":"Đa dạng hóa sản phẩm dịch vụ trên nền tảng công nghệ","description":"Với mục tiêu đa dạng hóa sản phẩm dịch vụ  mở rộng các kênh phân phối điện tử và bổ sung sản phẩm mới trên nền tảng công nghệ thông tin hiện đại  Agribank từng bước đạt thành công  mang đến nhiều sản phẩm dịch vụ ngân hàng linh hoạt ","time":"2017-11-16 00:00:00","content":"Với mục tiêu đa dạng hóa sản phẩm dịch vụ  mở rộng các kênh phân phối điện tử và bổ sung sản phẩm mới trên nền tảng công nghệ thông tin hiện đại  Agribank từng bước đạt thành công  mang đến nhiều sản phẩm dịch vụ ngân hàng linh hoạt Hệ thống công nghệ hiện đại- tiền đề phát triển dịch vụĐóng vai trò quan trọng trong việc triển khai các sản phẩm dịch vụ tiện ích trên nền tảng công nghệ thông tin hiện đại  trong thời gia qua  bám sát định hướng của Agribank  Trung tâm Công nghệ Thông tin Agribank đã tập trung thực hiện tốt nhiệm vụ quản lý  vận hành các hệ thống công nghệ thông tin hoạt động ổn định  an toàn  thông suốt  đáp ứng nhu cầu của chi nhánh  đồng thời hỗ trợ các chi nhánh trong toàn hệ thống về kỹ thuật  đảm bảo hiệu quả  nhanh chóng  xử lý dứt điểm các vướng mắc  lỗi phát sinh Agribank mang đến ngày càng nhiều các sản phẩm dịch vụ ngân hàng tiện ích  linh hoạt cho khách hàngHệ thống công nghệ thông tin của Agribank đã góp phần nâng cao năng suất lao động  góp phần tạo hiệu quả trong xử lý công việc  giảm chi phí vận hành  giảm giá thành giao dịch bằng việc tự động hóa xử lý giao dịch  65  số lượng giao dịch đã được tự động hóa   đáp ứng được việc tăng trưởng mạnh số lượng khách hàng  giao dịch của Agribank trong thời gian gần đây Năm 2016  Agribank đã hoàn thành việc chuẩn bị và tiến hành triển khai các giải pháp thuộc Đề án chiến lược phát triển công nghệ thông tin giai đoạn 2016 - 2020  làm nền tảng phát triển hệ thống công nghệ thông tin  sản phẩm dịch vụ ngân hàng hiện đại tại Agribank trong những năm tới  Ngoài ra  Agribank cũng hoàn thiện các hệ thống an ninh thông tin  các quy trình về công nghệ thông tin để nâng cao khả năng an toàn của hệ thống  nhằm đảm bảo an toàn tài sản cho ngân hàng và khách hàng  tạo niềm tin cho khách hàng sử dụng sản phẩm dịch vụ Nâng cao cạnh tranh bằng chất lượng dịch vụNăm 2017  Agribank hướng tới mục tiêu đa dạng hóa sản phẩm dịch vụ để mở rộng phạm vi  đối tượng phục vụ  nâng cao chất lượng dịch vụ  Hiện nay  Agribank đang chú trọng đẩy mạnh nghiên cứu phát triển các sản phẩm dịch vụ mới trên nền tảng công nghệ  có khả năng phát triển nhanh để cung cấp cho khách hàng  Cụ thể là đẩy nhanh việc triển khai dự án E-Banking để xây dựng nền tảng dịch vụ đa kênh hoàn chỉnh  giúp khách hàng có thể sử dụng dịch vụ ngân hàng qua nhiều kênh khác nhau  đặc biệt là Internet Banking và Mobile Banking Triển khai giao diện mới và các chức năng mới trên Internet Banking như chuyển khoản  chuyển tiền tiết kiệm điện tử  theo dõi thông tin tín dụng và thu thuế qua Ibanking cho khách hàng cá nhân  Nghiên cứu và phát triển các ứng dụng mobile phục vụ nội bộ ngân hàng và cung cấp cho khách hàng    Đặc biệt  Agribank cũng sẽ đẩy mạnh việc phát triển các sản phẩm về thanh toán để tận dụng ưu thế của Agribank về mạng lưới và số lượng khách hàng Các ứng dụng sản phẩm dịch vụ hiện đại của Agribank đang ngày càng thuhút sự quan tâm và tham gia của đông đảo khách hàng  Ảnh  Minh Đăng - TSC Trên nền tảng công nghệ thông tin vững mạnh và hiện đại  Agribank tiếp tục đặt ra những mục tiêu lớn cho tương lai với trọng tâm là việc mở rộng các kênh phân phối điện tử  tối ưu hóa các sản phẩm dịch vụ  tạo sự thuận tiện  mọi lúc  mọi nơi cho khách hàng sử dụng  nhất là trong xu thế hội nhập hiện nay với nhiều giải pháp như Ngân hàng đa kênh với phân hệ E-Banking được triển khai hỗ trợ điện thoại và các thiết bị di động thông minh  đáp ứng yêu cầu phát triển các kênh phân phối mới  đặc biệt là các kênh qua Internet và hướng tới kết nối thương mại điện tử Bên cạnh đó là một loạt các giải pháp công nghệ thông tin hiện đại góp phần tích cực trong việc đẩy mạnh phát triển sản phẩm dịch vụ như  giải pháp Kho dữ liệu doanh nghiệp và công cụ phân tích thông minh phục vụ phân tích khách hàng  sản phẩm và lợi nhuận; giải pháp Quản lý quan hệ khách hàng hỗ trợ các dịch vụ ngân hàng bán lẻ và ngân hàng bán buôn; giải pháp Quản lý sự kiện và bảo mật thông tin nhằm lấp đầy các lỗ hổng bảo mật  quản lý liền mạch của tất cả hoạt động bảo mật trên tất cả các thiết bị  máy chủ  mạng và các cấu phần công nghệ khác…Trong chiến lược phát triển sản phẩm dịch vụ của mình  Agribank luôn đề cao tính năng ưu đãi và tiện ích cho khách hàng  giúp khách hàng thuận tiện và dễ dàng hơn trong việc thực hiện các nhu cầu  qua đó góp phần nâng cao chất lượng cuộc sống Ngọc Minh"}