{"url":"http://vietnamnet.vn/vn/phap-luat/ky-su-phap-dinh/ha-noi-hot-girl-nhan-an-tu-vi-moi-gioi-mai-dam-411337.html","title":"Hà Nội: 'Hot girl' nhận án tù vì môi giới mại dâm","description":"Khi  hot girl  đang cùng bạn bán dâm tại khách sạn trên phố Bùi Thị Xuân thì bị công an ập vào bắt quả tang ","time":"2017-11-16 00:00:00","content":"- Khi  hot girl  đang cùng bạn bán dâm tại khách sạn trên phố Bùi Thị Xuân thì bị công an ập vào bắt quả tang Ngày 16 11  TAND TP Hà Nội đưa bị cáo Nguyễn Phương Dung  SN 1990  ở Quảng Ninh  ra xét xử phúc thẩm tội Môi giới mại dâm Trước đó  khoảng 20h35 ngày 25 4  tại một khách sạn trên phố Bùi Thị Xuân  quận Hai Bà Trưng  Hà Nội  cảnh sát kiểm tra hành chính bắt quả tang hai cặp nam nữ mua bán dâm Một trong hai cô gái bán bâm là Nguyễn Phương Dung  Tại cơ quan Công an  Dung khai nhận  là gái bán dâm  tối cùng ngày  Dung nhận được điện thoại của một khách hàng  đề nghị mua dâm Người khách này đòi Dung tìm thêm cho anh ta một gái bán dâm cho người bạn  Hai bên thỏa thuận giá là 4 triệu đồng người cho một lần  tàu nhanh  Nhận lời khách   hot girl  gọi thêm bạn đến bán dâm và đề nghị với khách thu thêm một triệu đồng tiền công môi giới  Ngoài ra  Dung còn  cắt  một triệu đồng của gái bán dâm Sau đó  Dung và bạn đến cùng khách sạn phục vụ khách mua dâm và bị cảnh sát bắt quả tang Tại phiên tòa sơ thẩm do TAND quận Hai Bà Trưng mở  HĐXX nhận định  do hám lợi  Dung đã thực hiện hành vi phạm tội  dù biết việc môi giới mua bán dâm là bị pháp luật cấm  Tòa án cấp sơ thẩm đã tuyên phạt Dung 10 tháng tù Tại phiên tòa phúc thẩm  HĐXX đã chuyển cho bị cáo từ mức án 10 tháng tù giam thành 10 tháng tù nhưng cho hưởng án treo T Nhung"}