{"url":"http://vietnamnet.vn/vn/doi-song/20-11-tang-qua-gi-tri-an-thay-co-giao-411345.html","title":"20/11: Tặng quà gì tri ân thầy cô giáo?","description":"Việc tỏ lòng biết ơn thầy cô dịp 20 11 đã trở thành truyền thống quen thuộc và là nhu cầu chính đáng của người Việt  Nhưng để chọn được món quà phù hợp truyền tải thông điệp là điều không hề dễ dàng ","time":"2017-11-16 00:00:00","content":"Việc tỏ lòng biết ơn thầy cô dịp 20 11 đã trở thành truyền thống quen thuộc và là nhu cầu chính đáng của người Việt  Nhưng để chọn được món quà phù hợp truyền tải thông điệp là điều không hề dễ dàng Từ xưa  nghề nhà giáo là một trong những nghề lâu đời và đóng góp quan trọng vào sự phát triển thành hình của xã hội  Bên cạnh ba mẹ  bạn bè là những người luôn đồng hành và chia sẻ những hành trình khác nhau trong cuộc sống thì thầy cô là người dẫn đường và mang tri thức để mỗi cá nhân học hỏi  trải nghiệm và nhận thức về cuộc sống  Cũng vì thế  bên cạnh những bông hoa tươi thắm  những nụ cười rạng rỡ hiền hòa thì quà tặng là một phần không thể thiếu để bày tỏ một phần lòng tri ân dành cho thầy cô  bởi đôi khi việc bày tỏ sự biết ơn rất khó để thể hiện bằng lời  Quà tặng không nằm ở giá trị cao hay thấp mà phải thể hiện được sự tôn kính  ý nghĩa và trân trọng đối với nghề nhà giáo  đồng thời cũng phải truyền tải được tấm lòng nhiệt thành và quý mến từ người tặng  Đó mới chính là lý do khiến Ngày Nhà giáo mang một ý nghĩa đặc biệt trân quý và giữ trọn vẹn những giá trị truyền thồng vốn có  Với mong muốn truyền cảm hứng cũng như khuyến khích việc thể hiện tấm lòng tri ân dành cho thầy cô  Danisa đã tổ chức sự kiện “Danisa - Tấm lòng tri ân  thay lời muốn nói” nhằm dành tặng cho thầy cô những món quà tri ân thật sự ý nghĩa trong ngày 20 11 Sự kiện còn có buổi trò chuyện thân mật giữa Tham tán Thương mại Đại sứ quán Đan Mạch tại Việt Nam ông Bo Monsted và cô giáo Phan Thị Nữ - Trưởng phòng đối ngoại   Hợp tác quốc tế của trường chuyên Lê Qúy Đôn  Đà NẵngTrong không gian mang đậm phong cách Hoàng gia Đan Mạch  chương trình đã đem đến nhiều câu chuyện thú vị về ngày Nhà giáo Việt Nam và đặc biệt là ý nghĩa của việc trao tặng món quà tri ân cho thầy cô giáo  Có mặt trong chương trình  nam ca sỹ Hà Anh Tuấn đã có những chia sẻ đầy cảm xúc về những kỷ niệm đáng quý dưới mái trường chuyên Lê Hồng Phong cùng người thầy đáng kính Lâm Văn Triệu - Nguyên phó Hiệu trưởng Trường PTTH chuyên Lê Hồng Phong  Với Hà Anh Tuấn  quà tặng không nằm ở giá trị chúng thể hiện mà nằm ở tấm lòng của người tặng dành cho thầy cô  phù hợp với sở thích và làm tôn lên ý nghĩa của ngày Nhà giáo  Nam ca sỹ người Hà Nội cũng đặc biệt tự tay chuẩn bị một hộp bánh Danisa làm quà tặng thay lời muốn nói dành cho người thầy mà anh yêu quý  Những món quà tri ân từ Danisa gửi tặng đến các thầy cô giáo khách mời của chương trìnhKí ức tuổi thơ về mái trường chợt ùa về qua ca khúc “Bụi Phấn” được trình bày phần biểu diễn hết sức đặc biệt của ca sỹ Mỹ Tâm và 3 học trò chương trình Giọng Hát ViệtKhông chỉ riêng tại Việt Nam mà trên tất cả các quốc gia khác trên thế giới  tinh thần “tôn sư trọng đạo” và truyền thống gửi trao những món quà ý nghĩa cũng được tôn trọng và thể hiện một cách nhân văn trong xã hội của mỗi quốc gia  Đặc biệt tại Đan Mạch  bánh Danisa từ lâu cũng được xem là món quà biểu trưng cho lòng tôn kính và sự tri ân  Bởi khi chọn hộp bánh quy bơ hảo hạng để dành tặng ai đó  không chỉ đơn giản là sự gửi trao lời cảm ơn mà còn thể hiện tấm lòng và tâm ý của người dành tặng  như ý nghĩa “thay lời muốn nói” dành cho ngày Nhà giáo Việt Nam mà nhãn hàng Danisa đã thực hiện Nhờ ưu thế vượt trội về chất lượng  đóng gói bằng hộp thiếc sang trọng mang phong cách hoàng gia  Danisa chính là món quà đầy ý nghĩa đi cùng sự tri ân sâu sắc không thể bỏ qua trong ngày 20 11 tới đây Lệ Thanh"}