{"url":"http://vietnamnet.vn/vn/kinh-doanh/tai-chinh/gia-vang-hom-nay-16-11-tang-nhanh-thoat-day-chua-het-nguy-co-411190.html","title":"Giá vàng hôm nay 16/11: Tăng nhanh thoát đáy, chưa hết nguy cơ","description":"Giá vàng hôm nay 16 11 tăng nhanh trở lại nhờ hoạt động bắt đấy ở vùng giá hỗ trợ rất mạnh  Tuy nhiên  mặt hàng kim loại quý chưa thoát nguy cơ đi xuống trước những áp lực rất lớn ở phía trước ","time":"2017-11-16 00:00:00","content":"Giá vàng hôm nay 16 11 tăng nhanh trở lại nhờ hoạt động bắt đấy ở vùng giá hỗ trợ rất mạnh  Tuy nhiên  mặt hàng kim loại quý chưa thoát nguy cơ đi xuống trước những áp lực rất lớn ở phía trước Mở cửa lúc 8h30 sáng 16 11  giá vàng miếng trong nước được Tập Đoàn Vàng bạc đá quý DOJI niêm yết ở mức  36 45 triệu đồng lượng  mua vào  và 36 53 triệu đồng lượng  bán ra   giảm 20 ngàn đồng chiều bán ra so với chiều qua Công ty vàng bạc đá quý Sài Gòn niêm yết giá vàng SJC ở mức 36 40 triệu đồng lượng  mua vào  và 36 62 triệu đồng lượng  bán ra   giảm 20 ngàn đồng ở cả 2 chiều mua vào và bán ra so với cuối giờ chiều ngày 15 11 Tới đầu giờ sáng 16 11  giờ Việt Nam   giá vàng thế giới giao ngay đứng ở mức 1 287 USD ounce Giá vàng giao tháng 12 trên sàn Comex New York đứng ở mức 1 289 USD ounce Hiện giá vàng cao hơn 11 8    136 USD ounce  so với cuối năm 2016  Vàng thế giới quy đổi theo giá USD ngân hàng có giá 35 6 triệu đồng lượng  chưa tính thuế và phí  thấp hơn giá vàng trong nước khoảng 1 triệu đồng lượng Giá vàng thế giới đêm qua tăng nhanh trở lại nhờ hoạt động bắt đấy ở vùng giá hỗ trợ rất mạnh  Tuy nhiên  mặt hàng kim loại quý chưa thoát nguy cơ đi xuống trước những áp lực rất lớn ở phía trước Vàng tăng giá chủ yếu do đồng USD chững lại ở mức thấp do giới đầu tư nghe ngóng các tín hiệu chính sách từ các nhà quản lý  Các số liệu kinh tế không mấy sáng sủa hơn so với kỳ vọng khiến nhiều người đặt dấu hỏi về kế hoạch thắt chặt tiền tệ của Mỹ Chỉ số giá tiêu dùng và bán lẻ của Mỹ vừa được công bố không có gì đột biến  CPI tháng 10 tăng 0 1  so với tháng 9  Bán lẻ tăng 0 9   Tất cả đều gần sát so với dự báo của thị trường Đồng USD ở mức thấp  do USD mạnh lên theo tăng trưởng kinh tế Đức  và vàng ở vùng giá hỗ trợ mạnh là các yếu tố giúp sức cầu bắt đáy tăng lên kéo giá vàng tăng khá nhanh lên gần ngưỡng 1 290 USD ounce Tuy nhiên  mặt hàng kim loại quý chưa thoát nguy cơ đi xuống trước những áp lực rất lớn ở phía trước Giới đầu tư đang chờ tín hiệu mới về đường hướng lãi suất của Cục dự trữ liên bang Mỹ  Fed   Đa phần các chuyên gia đều cho rằng  Fed sẽ tăng tăng lãi suất vào tháng tới và hy vọng ngân hàng trung ương Hoa Kỳ sẽ tăng lãi suất 3 lần vào năm 2018 Ngân hàng Standard Chartered  Anh  cũng dự đoán Fed tăng lãi suất thêm 25 điểm cơ bản vào tháng 12 2017  và dự báo giá vàng nhiều khả năng sẽ đối mặt với nguy cơ đi xuống trong ngắn hạn Hai yếu tố chính  theo Standard Chartered  chi phối giá vàng là dự luật thuế của Mỹ và cuộc họp sắp tới cùa Ủy ban Thị trường Mở Liên bang Mỹ  FOMC  Phân tích kỹ thuật cho thấy  vàng đang trong xu hướng giảm giá trong ngắn hạn  Ngưỡng kháng cự gần nhất là  1 289 5 USD ounce và sau đó là  1 300 USD ounce  Ngưỡng hỗ trợ gần nhất là  1 279 USD ounce và sau đó là  1 275 USD ounce Trên thị trường vàng trong nước  trong phiên giao dịch hôm qua  giá vàng trong nước tăng 40-70 ngàn đồng so với phiên liền trước Chốt phiên 15 11  Tập Đoàn Vàng bạc đá quý DOJI niêm yết giá vàng SJC ở mức  36 45 triệu đồng lượng  mua vào  và 36 55 triệu đồng lượng  bán ra   Công ty vàng bạc đá quý Sài Gòn niêm yết vàng SJC ở mức  36 42 triệu đồng lượng  mua vào  và 36 64 triệu đồng lượng  bán ra  Theo Doji  giá vàng đi lên từ mức thấp nhất trong 2 tuần và có chênh lệch giữa giá trong nước và quốc tế khoảng 1 5 triệu đồng mỗi lượng Thị trường giao dịch vàng miếng tương đối ổn định  Tuy nhiên  số lượng giao dịch chưa ghi nhận thêm những phát sinh nổi trội  Tính đến cuối phiên  số lượng khách theo chiều bán vàng ra chiếm khoảng 65  trên tổng số lượng giao dịch tại DOJI V  Minh"}