{"url":"http://vietnamnet.vn/vn/phap-luat/ho-so-vu-an/bat-nong-nam-thanh-nien-be-trom-hang-chuc-kinh-oto-hang-hieu-411302.html","title":"Bắt nóng nam thanh niên bẻ trộm hàng chục kính ôtô 'hàng hiệu'","description":"Sau khi bẻ trộm những cặp kính ôtô có giá hàng chục triệu đồng  Hảo đem bán với giá vài trăm nghìn đồng ","time":"2017-11-16 00:00:00","content":" - Sau khi bẻ trộm những cặp kính ôtô có giá hàng chục triệu đồng  Hảo đem bán với giá vài trăm nghìn đồng Hôm nay  Cơ quan CSĐT Công an quận Cái Răng  TP Cần Thơ  thực hiện lệnh khám xét khẩn cấp Công ty TNHH MTV Diệp Minh Trí trên đường Nguyễn Văn Linh  phường Hưng Lợi  quận Ninh Kiều  Công ty này được xác định có liên quan đến vụ nam thanh niên bẻ trộm kính ô tô đem đến đây bán Theo điều tra ban đầu  thời gian qua  trên địa bàn TP Cần Thơ liên tục xảy ra các vụ kẻ gian bẻ kính chiếu hậu xe ô tô Lãnh đạo Công an quận Cái Răng chỉ đạo lực lượng hình sự nắm tình hình  xác minh vụ việc Qua điều tra  xác minh  rạng sáng nay  Công an quận Cái Răng bắt quả tang Trần Thanh Hảo  19 tuổi  ngụ TP Rạch Giá  tỉnh Kiên Giang  đang thực hiện hành vi bẻ kính ô tô tại khu dân cư Nam Long  phường Hưng Thạnh  quận Cái Răng   Công an thu giữ tang vật và công cụ mà nghi phạm này dùng để hành nghề Tại cơ quan công an  Hảo khai nhận trước đó thực hiện hơn 40 vụ bẻ kính  đem bán cho cửa hàng Minh Trí nói trên Những cặp kính xe mà Hảo bẻ trộm có trị giá hàng chục triệu đồng  tuy nhiên nam thanh niên này chỉ bán vài trăm nghìn đồng  Số tiền kiếm được ngoài tiêu xài cá nhân  Hảo còn chơi game  Quá trình khám xét tại ô tô Minh Trí  công an thu giữ rất nhiều cặp kính chiếu hậu ô tô đắt tiền Thiện Chí"}