{"url":"http://vietnamnet.vn/vn/giai-tri/the-gioi-sao/chi-trung-duoc-ban-tang-tho-vi-qua-nho-thuong-vo-411207.html","title":"Chí Trung được bạn tặng thơ vì quá nhớ thương vợ","description":"Tin tức Sao Việt ngày 16 11  Hiểu được tâm tư nhớ vợ của nghệ sĩ Chí Trung  bạn của anh đã sáng tác bài thơ  Vợ vắng nhà  để gửi tặng anh ","time":"2017-11-16 00:00:00","content":" - Tin tức Sao Việt ngày 16 11  Hiểu được tâm tư nhớ vợ của nghệ sĩ Chí Trung  bạn của anh đã sáng tác bài thơ  Vợ vắng nhà  để gửi tặng anh Lưu Hằng"}