{"url":"http://vietnamnet.vn/vn/the-gioi/the-gioi-do-day/bi-an-ben-trong-ngoi-lang-cam-cua-dan-ong-411051.html","title":"Bí ẩn bên trong ngôi làng cấm cửa đàn ông","description":"Umoja là ngôi làng đặc biệt ở Kenya  với cư dân chỉ toàn là phụ nữ và trẻ em  Ở đây  đàn ông bị cấm cửa ","time":"2017-11-16 00:00:00","content":"Umoja là ngôi làng đặc biệt ở Kenya  với cư dân chỉ toàn là phụ nữ và trẻ em  Ở đây  đàn ông bị cấm cửa  Nếu cố tình thâm nhập  đàn ông sẽ bị  đánh hội đồng  Tuy đàn ông không được phép có mặt trong cộng đồng  nhưng điều đặc biệt là Umoja vẫn có rất nhiều trẻ con   browser not support iframe VietNamNet TV"}