{"url":"http://vietnamnet.vn/vn/phap-luat/duong-day-ma-tuy-khung-nup-bong-tiem-vang-296555.html","title":"Đường dây ma túy khủng núp bóng tiệm vàng","description":"Lực lượng chức năng đã thu giữ 5 kg ma túy đá cùng nhiều tang vật nbsp;liên quan khác được các đối tượng cất giấu vô cùng tinh vi dưới chiếc nbsp;ghế massage…","time":"03/28/2016 (GMT+7)","content":" - Lực lượng chức năng đã thu giữ 5 kg ma túy đá cùng nhiều tang vật liên quan khác được các đối tượng cất giấu vô cùng tinh vi dưới chiếc ghế massage  Tập trung xác minh làm rõ  trinh sát đã xác định cầm đầu đường dây trên là Phạm Công Thanh  sinh 1983  ở số 11 6 89 Tôn Đức Thắng  quận Lê Chân  Hải Phòng Theo đó Phòng PC47 đã xác lập chuyên án mang bí số 263T  phối hợp với các đơn vị liên quan tập trung lực lượng  biện pháp quyết tâm xóa phá đường dây phạm tội trên  Phạm Công Thanh là đối tượng đã có tiền án về ma túy  năm 2009  bị Tòa án nhân dân quận Long Biên  Hà Nội  xử phạt 7 năm 6 tháng tù giam về tội mua bán trái phép chất ma túy  Thanh cấu kết với người thân trong gia đình  với các đối tượng có nhiều tiền án  tiền sự về ma túy ở các tỉnh thành phố khác tạo thành đường dây phạm tội khép kín với thủ đoạn hoạt động tinh vi Lợi dụng dịch vụ của các cửa hàng kinh doanh vàng bạc để giao nhận tiền mua bán ma túy  liên tục thay đổi phương tiện di chuyển  cất giấu ma túy trong nhiều loại hàng hóa khác nhau  ngụy trang việc mua bán ma túy dưới hình thức kinh doanh nhà nghỉ và cho vay cầm đồ Chiều ngày 26 3  tại xã An Đồng  huyện An Dương  phòng PC47 kết hợp với phòng 3  Cục C47  Bộ Công an  và lực lượng CSGT Công an thành phố Hải Phòng bắt quả tang Thanh cùng chị gái là Phạm Thị Thanh Thảo  sinh 1981  vận chuyển trái phép 4 kg ma túy đi tiêu thụ  Số ma túy này được Thanh cất giấu tinh trong đệm ghế massage Tiến hành điều tra mở rộng án  Công an thành phố Hải Phòng phối hợp với Công an tỉnh Cao Bằng bắt khẩn cấp đối tượng Nguyễn Thị Vân  sinh 1970  ở tổ 7 phường Tân Giang  thành phố Cao Bằng Tiến hành khám xét nơi ở của Vân  cơ quan Công an thu giữ 1 kg ma túy đá  1 xe ôtô  1 xe máy  3 điện thoại và một số tang vật liên quan khác Vân là đối tượng đã có 3 tiền án về tội ma túy với tổng thời gian án phạt là 18 năm 6 tháng tù giam  Sau khi mãn hạn tù  Vân sống như vợ chồng với Thanh và sử dụng nhà ở của mình làm chỗ cất giấu  giao nhận ma túy Hiện cơ quan Công an đang hoàn thiện thủ tục  đấu tranh khai thác các đối tượng và điều tra mở rộng án Q Minh"}