{"url":"http://vietnamnet.vn/vn/phap-luat/ho-so-vu-an/gui-8kg-ma-tuy-qua-duong-chuyen-phat-nhanh-411208.html","title":"Gửi 8kg ma túy qua đường chuyển phát nhanh","description":"Gần 8 cân ma túy  26 700 viên nén hình tam giác màu xanh da trời  được giấu trong bưu kiện phát chuyển nhanh về Hà Nội ","time":"2017-11-16 00:00:00","content":" - Ngày 15 11  Tổng cục Hải quan cho hay lực lượng chức năng đã phát hiện dấu hiệu nghi vấn của lô hàng vận chuyển từ Hà Lan về Hà Nội  TP HCM Tổng cục Hải quan cho biết  trong 2 ngày 14 và 15 11  trong quá trình soi chiếu lô hàng vận chuyển qua đường chuyển phát nhanh  Đội Kiểm soát phòng  chống ma tuý - Cục Hải quan TP Hà Nội đã chủ trì  phối hợp với Chi cục Hải quan Chuyển phát nhanh  Đội Kiểm soát chống buôn lậu ma tuý  Đội 5  – Cục Điều tra chống buôn lậu  Phòng 7 – Cục Cảnh sát điều tra tội phạm về ma tuý  C47  đã phát hiện dấu hiệu nghi vấn lô hàng vận chuyển từ Hà Lan về Hà Nội  TP HM lô hàng nhập khẩu có số bưu gửi CC065456770NL gồm 1 kiện  trọng lượng 12 14kg  cả bao bì  Kết quả kiểm tra cho thấy  Khi khám xét kiện hàng nêu trên có 9 túi nilon  5 túi màu đen  4 túi màu đỏ  hình thức bên ngoài là cà phê   thu giữ gần 8 cân ma túy  26 700 viên nén hình tam giác màu xanh da trời  Đội Kiểm soát phòng  chống ma tuý Cục Hải quan TP Hà Nội lấy mẫu thử nhanh thì phản ứng dương tính với chất ma tuý tổng hợp MDMA ESTASY Trước tình hình đó  các lực lượng phòng chống ma túy của hải quan đã triển khai phối hợp với Phòng 7 – Cục Cảnh sát điều tra tội phạm về ma tuý bắt giữ 3 đối tượng  trong đó có 2 đối tượng tại Hà Nội và 1 đối tượng tại TP HCM  Hiện nay  toàn bộ tang vật đã được chuyển giao cho Phòng 7- Cục Cảnh sát điều tra tội phạm về ma tuý để tiếp tục điều tra mở rộng và thực hiện thủ tục theo quy định của pháp luật L Bằng"}