{"url":"http://vietnamnet.vn/vn/giao-duc/tuyen-sinh/loi-chuc-20-11-thiet-thuc-nhat-cua-bo-truong-giao-duc-411308.html","title":"Lời chúc 20/11 thiết thực nhất của Bộ trưởng Giáo dục","description":"Sáng 16 11  trao đổi bên hành lang Quốc hội  Bộ trưởng Phùng Xuân Nhạ đã có lời nhắn nhủ tới các giáo viên nhân ngày Nhà giáo Việt Nam 20 11 ","time":"11/16/2017 (GMT+7)","content":"Sáng 16 11  trao đổi bên hành lang Quốc hội  Bộ trưởng Phùng Xuân Nhạ đã có lời nhắn nhủ tới các giáo viên nhân ngày Nhà giáo Việt Nam 20 11 - Nhân ngày 20-11  Bộ trưởng có nhắn nhủ gì tới các giáo viên Sắp đến ngày Nhà giáo Việt Nam  tôi rất muốn gửi lời chia sẻ  thấu cảm với các nhà giáo và sẽ cùng đồng hành với đội ngũ giáo viên Rất nhiều trách nhiệm  rất nhiều thách thức đối với nhà giáo  Với tư cách là Bộ trưởng  đứng đầu ngành  tôi rất hiểu và sẽ cùng làm  sẽ đại diện cho các thầy cô để làm việc với các cơ quan có thẩm quyền  một mặt để cải thiện điều kiện làm việc cho các thầy cô  mặt khác để tất cả các ngành các cấp cùng đồng hành với ngành giáo dục  Có như vậy thì sự nghiệp đổi mới giáo dục mới thành công Còn nếu chỉ yêu cầu các thầy cô phải cố gắng lên  phải đổi mới đi mà điều kiện làm việc  chế độ lương bổng  điều kiện làm việc  thậm chí cả danh dự không được bảo vệ một cách chính đáng thì không được Tôi sẽ cố gắng tối đa trong khả năng của mình để tạo ra được môi trường làm việc thuận lợi cho các thầy cô và bảo vệ các thầy cô một cách chính đáng  Đây là lời chúc thiết thực nhất của tôi dành cho các thầy cô - Vậy Bộ GD-ĐT có định hướng gì trong việc cải tiến chính sách lương cho giáo viên hiện đang gây nhiều bức xúc không thưa ông - Đây là vấn đề rất lớn  Hiện nay Bộ đang rà soát lại chuẩn giáo viên  chuẩn hiệu trưởng  chuẩn cán bộ quản lý nhà nước về giáo dục  Khi cải tiến chuẩn theo hướng nâng cao chất lượng thì thu nhập cũng phải tốt lên Tất nhiên  Bộ Giáo dục và Đào tạo không quyết định được vấn đề lương giáo viên  Bộ đã làm việc với Bộ Nội vụ để triển khai thật tốt Nghị quyết 29 là giáo viên được hưởng thang bậc lương cao nhất Đồng thời  Bộ cũng đang tiến hành dự thảo sửa đổi  bổ sung một số điều của Luật Giáo dục  để đưa vị thế giáo viên hay chính sách đặc thù cho nhà giáo được pháp điển hóa  Yêu cầu cao phải đi đôi với đãi ngộ tương xứng Khi yêu cầu nhà giáo phải có chuẩn kiến thức  kỹ năng cao hơn thì chế độ cũng phải phù hợp  Còn nếu chỉ yêu cầu giáo viên phải nâng cao chất lượng mà chế độ vẫn như cũ thì không được Bộ GD-ĐT có trách nhiệm phối hợp với Bộ Nội vụ  các Bộ ngành khác để xây dựng  thống nhất cơ chế chính sách như vậy  Đến nay qua làm việc sơ bộ  các Bộ trưởng khác cơ bản cũng thống nhất  ủng hộ tinh thần này  Nhưng vấn đề là cụ thể thế nào để làm sao trách nhiệm cao phải đi cùng với quyền lợi tương ứng  Đây là vấn đề không đơn giản nhưng phải làm Hà Phương  Ghi "}