{"url":"http://vietnamnet.vn/vn/kinh-doanh/dau-tu/doanh-nghiep-so-nhat-11h-dem-quan-chuc-goi-den-nha-hang-411117.html","title":"'Doanh nghiệp sợ nhất 11h đêm quan chức gọi đến nhà hàng'","description":"“DN sợ nhất tầm 10-11h đêm có quan chức gọi đến nhà hàng để thanh toán tiền ăn”  TS Lê Đăng Doanh chia sẻ khi nói về tệ nhũng nhiễu  gây khó khăn cho DN của một bộ phận cán bộ quản lý ","time":"2017-11-16 00:00:00","content":""}