{"url":"http://vietnamnet.vn/vn/doi-song/gia-dinh/ngam-dinh-thu-xa-hoa-cua-sao-phim-nhung-ba-noi-tro-kieu-my-411015.html","title":"Ngắm dinh thự xa hoa của sao phim 'Những bà nội trợ kiểu Mỹ'","description":"Nữ diễn viên xinh đẹp Eva Longoria mới tậu nhà siêu sang trị giá 13 5 triệu USD ở Mỹ ","time":"2017-11-15 00:00:00","content":"Nữ diễn viên xinh đẹp Eva Longoria mới tậu nhà siêu sang trị giá 13 5 triệu USD ở Mỹ  Theo Dân trí "}