{"url":"http://vietnamnet.vn/vn/thoi-su/quoc-hoi/thong-doc-ngan-hang-viet-nam-khong-chap-nhan-tien-bitcoin-411388.html","title":"Thống đốc Ngân hàng: Việt Nam không chấp nhận tiền bitcoin","description":"Theo Thống đốc Lê Minh Hưng  tất cả giao dịch sử dụng đồng bitcoin làm phương tiện thanh toán là không đúng với các quy định của pháp luật hiện hành ","time":"2017-11-16 00:00:00","content":"- Thống đốc NHNN Lê Minh Hưng cho biết  tất cả giao dịch sử dụng đồng bitcoin làm phương tiện thanh toán là không đúng với các quy định của pháp luật hiện hành Tại phiên chất vấn với Thống đốc NHNN chiều nay  ĐB Lê Công Nhường  Bình Định  đề cập câu chuyện hiện tiền ảo bitcoin và tiền điện tử đang trở thành chủ đề nóng  Quan điểm của Thống đốc có đồng ý đề xuất Chính phủ cho ĐH FPT triển khai thực hiện thí điểm thu phí học sinh nước ngoài bằng đồng bitcoin  hay công ty phần mềm thí điểm thu hút vốn đầu tư từ Đức bằng tiền bitcoin để phát triển phần mềm VN ”  ĐB Nhường đặt câu hỏi và cho hay  nếu thí điểm thành công thì sẽ rất tốt Trả lời vấn đề này  Thống đốc NHNN Lê Minh Hưng cho biết  vừa qua nhiều nước đang nghiên cứu về vấn đề điều chỉnh và quản lý bitcoin  Ông nhắc tới kinh nghiệm các nước thấy có 1 số nguyên tắc  quy tắc  cách thức để quản lý vấn đề này Theo ông  có 1 số nước cấm tuyệt đối các giao dịch bitcoin  1 số nước thì không thừa nhận bitcoin là phương tiện thanh toán nhưng cho phép và khuyến cáo những rủi ro liên quan giao dịch  có nước thậm chí cho bitcoin là phương tiện thanh toán nhưng rất ít Đối với trường hợp của VN  theo Thống đốc Lê Minh Hưng  NHNN đã có ý kiến rất nhiều lần vấn đề này “Quy định pháp luật hiện hành bitcoin không phải là phương tiện thanh toán hợp pháp trên lãnh thổ VN  vì vậy tất cả giao dịch sử dụng đồng bitcoin làm phương tiện thanh toán là không đúng với các quy định của pháp luật hiện hành”  Thống đốc nêu quan điểm Thống đốc cho biết  hiện nay việc nhìn nhận bitcoin dưới góc độ tài sản  hàng hoá còn nhiều ý kiến khác nhau  Việc này Chính phủ đã có chỉ đạo rất sớm trong các bộ ngành và Bộ Tư pháp đã chủ trì nghiên cứu đề án về các khuôn khổ pháp lý để quản lý tiền ảo  tài sản ảo  trong đó có bitcoin NHNN sẽ phối hợp chặt chẽ với Bộ Tư pháp góc độ quản lý nhà nước về tiền tệ để có cơ sở pháp lý quản lý bitcoin  cũng như hoàn thiện đề án trình Thủ tướng Liên quan trường hợp của ĐH FPT  Thống đốc Lê Minh Hưng cho biết  hiện chưa nhận được đề xuất chi tiết của ĐH FPT liên quan giao dịch bitcoin “Khi nhận đề xuất chi tiết thì trong thẩm quyền trách nhiệm của NHNN  chúng tôi sẽ giao các đơn vị chức năng nghiên cứu  hướng dẫn ĐH FPT và các tổ chức liên quan bitcoin để thực hiện đúng quy định hiện hành của pháp luật VN Nếu vấn đề gì ngoài thẩm quyền NHNN thì chúng tôi sẽ phối hợp bộ ngành báo cáo Chính phủ”  Thống đốc nói Hương Quỳnh - Thu Hằng - Thuý Hạnh"}