{"url":"http://vietnamnet.vn/vn/doi-song/gioi-tre/btv-khanh-ly-gay-choang-voi-nhan-sac-doi-thuong-nhu-nu-sinh-411003.html","title":"BTV Khánh Ly gây 'choáng' với nhan sắc đời thường như nữ sinh","description":"Với khuôn mặt trẻ trung  tươi tắn và nụ cười rạng ngời  ít ai nghĩ BTV Khánh Ly - từng là gương mặt quen thuộc của Bản tin tài chính và Thế giới 24h chuyển động đã hơn 30 tuổi và có một cô con gái nhỏ ","time":"2017-11-15 00:00:00","content":"Với gương mặt trẻ trung  tươi tắn và nụ cười rạng ngời  ít ai nghĩ BTV Khánh Ly - từng là gương mặt quen thuộc của Bản tin tài chính và Thế giới 24h chuyển động đã hơn 30 tuổi và có một cô con gái nhỏ BTV Khánh Ly  trước đây được khán giả biết đến và yêu mến khi cô là biên tập viên và dẫn chương trình cho các bản tin của Trung tâm tin tức VTV24  Khánh Ly định hình với phong cách dẫn chương trình giản dị  gần gũi Khánh Ly cho biết  từ bé  cô đã ấp ủ ước mơ trở thành một nhà báo khi xem tivi thấy các anh chị phóng viên  người dẫn chương trình rất năng động  tự tin  Cho đến khi chuẩn bị thi đại học  mọi người trong gia đình nói nghề này vất vả  cô có chút băn khoăn  nhưng sau đó vẫn quyết tâm theo đuổi đam mê  Thế rồi ước mơ của cô cũng trở thành hiện thưc Cô cũng chính là bà mẹ 1 con đã có những bài chia sẻ nổi tiếng trên mạng về phương phương pháp dạy trẻ học tiếng Anh từ bé  khi bé Mina  con gái cô đã nói tốt tiếng Anh từ 2 tuổi rưỡi BTV Khánh Ly năm nay đã hơn 30 tuổi nhưng vẫn giữ được nét tươi trẻ nhiều người mong ước  Cô thường xuyên chia sẻ các bức ảnh hàng ngày của mình trên trang facebook cá nhân  được mọi người khen ngợi vì nét trẻ trung  tươi tắn  Theo Dân trí "}