{"url":"http://vietnamnet.vn/vn/the-gioi/the-gioi-do-day/nha-t-duo-c-ca-ng-tom-hu-m-to-hon-ca-nh-tay-nguo-i-411298.html","title":"Nhặt được càng tôm hùm to hơn cánh tay người","description":"Một người nuôi hàu biển ở Anglesey  Anh  đã nhặt được một chiếc càng tôm hùm lớn hơn cánh tay người ","time":"2017-11-16 00:00:00","content":"Một người nuôi hàu biển ở Anglesey  Anh  đã nhặt được một chiếc càng tôm hùm lớn hơn cánh tay người Ông Shaun Krijnen nhặt được chiếc càng trên khi đi kiểm tra bãi nuôi hàu của mình  Ông phát hiện chiếc càng dài tới 33cm  lớn hơn cánh tay người  mắc vào lưới Các nhà khoa học cho rằng  chiếc càng siêu lớn này phải thuộc về một con tôm khổng lồ  có chiều dài ít nhất 1m  nặng khoảng trên 8kg Ngô Tuyết"}