{"url":"http://vietnamnet.vn/vn/chuyen-trang/oto-xemay/co-vuot-container-nu-ninja-lead-nga-vang-thoat-chet-ngoan-muc-411356.html","title":"Cố vượt container, nữ 'ninja Lead' ngã văng, thoát chết ngoạn mục","description":"Người phụ nữ đi xe Honda Lead cố vượt container  va chạm với chiếc xe Attila phía trước nên ngã văng ra đường  suýt bị container cán qua ","time":"11/16/2017 (GMT+7)","content":"- Người phụ nữ đi xe Honda Lead cố vượt container  va chạm với chiếc xe Attila phía trước nên ngã văng ra đường  suýt bị container cán qua  Clip   Ninja Lead  thoát chết thần kỳ khi cố vượt xe đầu kéo  Nguồn  Facebook Tâm Nguyễn Được biết  vụ tai nạn này xảy ra vào ngày 15 11 tại Ngã tư Cơ Điện  Hải Phòng  Clip ghi lại vụ tai nạn vừa được đăng tải trên mạng xã hội Facebook  Theo hình ảnh từ clip  một phụ nữ điều khiển xe máy Honda Lead đi song song một chiếc xe container Khi người phụ nữ này cố vượt container đã va chạm với chiếc xe Attila phía trước nên ngã văng ra đường  trước đầu xe container  Nhưng một khoảnh khắc may mắn đã giúp người phụ nữ này thoát chết trong gang tấc  Đây cũng là bài học cho mọi người khi tham gia giao thông  đừng nên đi quá gần các ô tô lớn như xe tải hay xe container  để tránh những hậu quả đáng tiếc Anh Tuấn  Tổng hợp "}