{"url":"http://vietnamnet.vn/vn/doi-song/lac-long-trong-chinh-gia-dinh-minh-411139.html","title":"Lạc lõng trong chính gia đình mình","description":"Mẹ xem mình là người cô đơn nhất khi chẳng ai trong gia đình san sẻ việc nhà  Ba cô đơn vì stress trong công việc mà không ai hiểu thấu  Con trai tưởng mình cô đơn nhất khi thường xuyên chứng kiến ba mẹ lớn tiếng…","time":"2017-11-15 00:00:00","content":"Mẹ xem mình là người cô đơn nhất khi chẳng ai trong gia đình san sẻ việc nhà  Ba cô đơn vì stress trong công việc mà không ai hiểu thấu  Con trai tưởng mình cô đơn nhất khi thường xuyên chứng kiến ba mẹ lớn tiếng…Trong con hẻm giữa lòng thành phố  hàng ngày  người ta thường nghe tiếng con dâu quát mắng vì bà H  không kiểm soát được tiểu tiện  Bà cũng không được đến gần cháu vì những triệu chứng tuổi già như thế…Tại ngôi nhà to hơn  người ta lại thấy một bà già mỗi ngày đều đưa mắt nhìn ra cửa  lúc đầu chẳng ai biết ngóng trông điều gì  Dần dà mới hiểu ra bà đang trông con  Bà chờ họ về để cùng tề tựu ăn bữa cơm nhà  Nhưng cuối cùng  cũng chỉ có mình bà với mâm đồ ăn nguội lạnh  Căn nhà ấy  to lớn như vậy  nhưng lúc nào cũng thui thủi mình bà  lầm lũi như một cái bóng…Có ai đó đã nói  “Nếu muốn biết gia đình đó có hạnh phúc hay không  hãy xem cách đối xử của con cái đối với cha mẹ  ông bà”  Vậy thế nào là một gia đình hạnh phúc  Liệu một gia đình hạnh phúc có tồn tại sự cô đơn hay không Thực tế trong cuộc sống  mỗi thành viên trong gia đình ai cũng nghĩ có lúc mình lạc lõng  cô đơn  Mẹ xem mình là người cô đơn nhất khi chẳng ai trong gia đình san sẻ việc nhà  Ba cô đơn vì stress trong công việc mà không ai hiểu thấu  Con trai tưởng mình cô đơn nhất khi thường xuyên chứng kiến ba mẹ lớn tiếng  Con gái thấy lẻ loi khi đi học bị điểm kém mà không ai quan tâm hỏi han…Còn người lớn tuổi nhất trong gia đình  là ông bà thì những tưởng họ được sống trong nhà cao cửa rộng  gia đình sung túc sẽ hạnh phúc  Thế nhưng đến lúc ba mẹ bị tai biến  tiểu tiện khó khăn thì lại ngại chăm sóc vì sợ bẩn và giao hết trách nhiệm cho người giúp việc Bản năng của chúng ta - những người trẻ - là nuông chiều cảm xúc cá nhân  mỗi khi có chuyện không vui thì nghĩ rằng trên đời này chẳng ai khổ  chẳng ai cô đơn như mình nữa đâu  Vậy mà  chúng ta chưa một lần nhìn lại  trong chính gia đình mình  và tự hỏi  liệu ông bà  cha mẹ ta có bao giờ cảm thấy cô đơn Các nhà tâm lý học luôn nhắc nhở rằng  người già rất hay cảm thấy trống trải  buồn tủi  Còn người trẻ thì ham công tiếc việc  cứ mãi lao theo những bận rộn và chẳng thèm để tâm đến cảm xúc của ba mẹ  ông bà mình  Đôi khi  những hành động vô tâm của chúng ta sẽ vô tình khiến họ nghĩ rằng  già chính là một cái tội Hãy chăm sóc cho ba mẹ mình như chính lúc nhỏ  họ đã ân cần chăm sóc chúng ta  Hãy xoa dịu nỗi cô đơn  trống vắng của họ  đừng để cho họ cảm thấy lạc lõng trong chính gia đình của mình…Già không phải là tội  hãy thấu hiểu để yêu thương!Vũ Minh"}