{"url":"http://vietnamnet.vn/vn/the-gioi/ran-hoanh-hanh-khap-bangkok-411281.html","title":"Rắn hoành hành khắp Bangkok","description":"Các nhân viên cứu hỏa ở Thái Lan đang tất bật tiếp nhận và giải quyết những cuộc gọi báo sự cố liên tục - nhưng không phải hỏa hoạn mà sự xuất hiện của các loại rắn khác nhau ","time":"2017-11-17 00:00:00","content":"Các nhân viên cứu hỏa ở Thái Lan đang phải tất bật tiếp nhận và giải quyết những cuộc gọi báo sự cố liên tục - nhưng không phải hỏa hoạn mà sự xuất hiện của các loại rắn khác nhau Trong năm qua  các nhà chức trách ở thành phố 10 triệu dân này đã nhận được số lượng cuộc gọi báo về rắn tăng đột biến  khi tốc độ đô thị hóa diễn ra nhanh chóng và tiến xa tới những vùng đất phía tây còn hoang vu và rậm rạp Trò chuyện với hãng tin AP  các nhà chức trách cho biết  số lượng rắn bắt được trong các ngôi nhà ở Bangkok tăng “bùng nổ” trong những năm gần đây  từ 16 000 trường hợp năm 2013 lên khoảng 29 000 vụ năm 2016  Riêng nửa đầu năm 2017  con số này tăng hơn 30  so với năm ngoái Tara Buakamsri  Giám đốc tổ chức Greenpeace khu vực Đông Nam Á  cho rằng rắn xuất hiện nhiều ở Bangkok vì thành phố này tọa lạc ở vùng ngập lũ với một hệ sinh thái đất ẩm – nơi cư trú của nhiều loài lưỡng cư  trong đó có rắn Tình hình mở rộng xây dựng nhà cửa trong thời gian gần đây đã khiến môi sinh của những loài này bị thu hẹp Một số hình ảnh bắt rắn ở các hộ gia đình Bangkok Thanh Hảo "}