{"url":"http://vietnamnet.vn/vn/ban-doc/chia-se/chau-vao-phong-mo-ba-noi-cao-troc-dau-cau-binh-an-410015.html","title":"Cháu vào phòng mổ, bà nội cạo trọc đầu cầu bình an","description":"Mắc căn bệnh u trung thất  cậu bé 9 tuổi đang ngày đêm phải chiến đấu với bệnh tật để giành lại sự sống  Một mình cha lao động không đủ tiền cho bé chữa bệnh   Cháu vào phòng mổ  bà nội cạo trọc đầu cầu bình an","time":"2017-11-11 00:00:00","content":" - Nhìn cử chỉ âu yếm và những hành động chăm sóc cháu của bà nội em Trương Thái Anh  chúng tôi cũng phần nào hiểu được tình thương bà dành cho cháu  Cha mẹ ly dị  Thái Anh đang sống cùng cha và bà nội  Bà giành phần chăm cháu ở bệnh viện để cha đi làm kiếm tiền chữa bệnh cho con Nhìn thấy phim chụp bà xỉu tại chỗSau 2 tuần điều trị những trận sốt cao liên tục kèm viêm họng  bác sĩ nghi em Trương Thái Anh bị sốt siêu vi  Hạ sốt được vài ngày  vừa trở lại trường thì gia đình lại phải đón về vì ho khạc ra cả cục máu đông  Gia đình đưa em tới bệnh viện huyện thăm khám thì sau khi chụp phim  bác sĩ phát hiện có một khối u lớn trong ngực  Ngay trong ngày hôm đó  Thái Anh được chuyển lên tuyến trên “Nhìn vào tấm phim chụp  nghe bác sĩ nói về tình trạng của cháu mà tôi xỉu tại chỗ  Ngay hôm đó  mẹ con bà cháu vội lên tuyến trên  đưa cháu đi mà ruột gan tôi nóng như lửa đốt”  bà nội em nghẹn ngào Ngày Thái Anh vào phòng mổ  bà nội cắt trọc đầu cầu mong sự bình an đến với cháu  Trải qua cuộc phẫu thuật lấy khối u trung thất ở BV Nhi Đồng 2  TP HCM  em được chuyển đến BV Ung Bướu để điều trị hóa chất Suốt thời gian dài điều trị  Thái Anh được truyền 8 toa thuốc  Tổng số tiền chi phí từ ăn uống  thuốc men  đi lại… được bà nội ở nhà cẩn thận ghi chép  đến nay đã lên tới 112 triệu đồng  Trong số tiền này gia đình còn đang nợ hơn 40 triệu đồng  Hiện tại một mình cha em làm không đủ tiền chi phí sinh hoạt và tiền thuốc ngoài danh mục bảo hiểm cho con Cha hy sinh hạnh phúc riêngMột lần đò lỡ dở  anh Trương Hoàng Ân muốn dành nhiều thời gian chăm lo cho con mà không nghĩ đến hạnh phúc riêng của mình  Mẹ anh thấy cảnh con trai một mình sớm hôm cũng khuyên đi bước nữa nhưng anh từ chối Ba mẹ con bà cháu đùm bọc nhau sống  một mình anh Trương Hoàng Ân lao động nuôi cả nhà  Trước đây  cái nghèo đeo bám gia đình bà cũng nhiều năm  khi Thái Anh khôn lớn  họ mới thoát nghèo được 3 năm thì lại tái nghèo khi Thái Anh mắc bệnh ung thư  Anh Trương Hoàng Ân lái xe ben thuê  mỗi tháng được 4 triệu đồng nhận làm 2 lần  Đây là toàn bộ nguồn thu nhập để nuôi mẹ và con  Có những lúc con trai truyền thuốc  anh cũng phải lên chăm con phụ bà nên thu nhập cũng giảm theo “Nhà tôi chỉ có ba mẹ con bà cháu nương tựa vào nhau  Chúng tôi đã tìm đủ mọi cách để cứu cháu  Cháu mà có vấn đề gì tôi và cha cháu cũng không sống nổi  Cha nó thương con  tôi cứ năn nỉ lấy vợ về nhà lo cơm nước nhà cửa nhưng nó cứ bảo giờ lo cho con còn chưa xong không nghĩ đến chuyện lập gia đình nữa  Nhìn cảnh nhà tôi chẳng ai dám cho vay tiền đâu vì họ biết chắc mình không thể trả được  Giờ nếu như không có sự hỗ trợ từ bên ngoài chúng tôi cũng không biết phải làm sao”  người bà rầu rĩ Đức Toàn"}