{"url":"http://vietnamnet.vn/vn/the-gioi/thu-do-zimbabwe-day-dac-xe-tang-dan-un-un-rut-tien-411292.html","title":"Thủ đô Zimbabwe 'dày đặc' xe tăng, dân ùn ùn rút tiền","description":"Zimbabwe đang lâm vào cuộc khủng hoảng tồi tệ với tình trạng siêu lạm phát  thiếu đói nghiêm trọng trong khi quân đội kiểm soát nhiều địa điểm then chốt ở thủ đô Harare ","time":"2017-11-16 00:00:00","content":"Zimbabwe đang lâm vào cuộc khủng hoảng tồi tệ với tình trạng siêu lạm phát  thiếu đói nghiêm trọng  trong khi quân đội kiểm soát nhiều địa điểm then chốt ở thủ đô Harare Tổng thống Robert Mugabe đang bị quản thúc tại gia  dẫn tới đồn đoán vừa xảy ra một cuộc đảo chính lật đổ nhà lãnh đạo 93 tuổi Quân đội Zimbabwe phủ nhận tin đồn  nói rằng họ hành động nhắm tới những tên tội phạm cận kề Tổng thống  đồng thời khẳng định vợ chồng ông Mugabe vẫn an toàn Đường phố quanh văn phòng của ông Mugabe hiện tại vắng tanh  ngoại trừ binh sĩ và những chiếc xe bọc thép  Khủng hoảng đang khiến người dân Harare đổ xô tới các ngân hàng để rút tiền phòng trường hợp xấu hơn Dưới đây là một số hình ảnh về cuộc sống hiện tại ở thủ đô của Zimbabwe Thanh Hảo"}